"id","name","code","slug","state_id:id","country_id","type"
"res_district_001","Quận Ba Đình","VN-01-001","Quận Ba Đình, Thành phố Hà Nội","base.state_vn_VN-HN","VN",0
"res_district_002","Quận Hoàn Kiếm","VN-01-002","Quận Hoàn Kiếm, Thành phố Hà Nội","base.state_vn_VN-HN","VN",0
"res_district_003","Quận Tây Hồ","VN-01-003","Quận Tây Hồ, Thành phố Hà Nội","base.state_vn_VN-HN","VN",0
"res_district_004","Quận Long Biên","VN-01-004","Quận Long Biên, Thành phố Hà Nội","base.state_vn_VN-HN","VN",0
"res_district_005","Quận Cầu Giấy","VN-01-005","Quận Cầu Giấy, Thành phố Hà Nội","base.state_vn_VN-HN","VN",0
"res_district_006","Quận Đống Đa","VN-01-006","Quận Đống Đa, Thành phố Hà Nội","base.state_vn_VN-HN","VN",0
"res_district_007","Quận Hai Bà Trưng","VN-01-007","Quận Hai Bà Trưng, Thành phố Hà Nội","base.state_vn_VN-HN","VN",0
"res_district_008","Quận Hoàng Mai","VN-01-008","Quận Hoàng Mai, Thành phố Hà Nội","base.state_vn_VN-HN","VN",0
"res_district_009","Quận Thanh Xuân","VN-01-009","Quận Thanh Xuân, Thành phố Hà Nội","base.state_vn_VN-HN","VN",0
"res_district_016","Huyện Sóc Sơn","VN-01-016","Huyện Sóc Sơn, Thành phố Hà Nội","base.state_vn_VN-HN","VN",1
"res_district_017","Huyện Đông Anh","VN-01-017","Huyện Đông Anh, Thành phố Hà Nội","base.state_vn_VN-HN","VN",1
"res_district_018","Huyện Gia Lâm","VN-01-018","Huyện Gia Lâm, Thành phố Hà Nội","base.state_vn_VN-HN","VN",1
"res_district_019","Quận Nam Từ Liêm","VN-01-019","Quận Nam Từ Liêm, Thành phố Hà Nội","base.state_vn_VN-HN","VN",0
"res_district_020","Huyện Thanh Trì","VN-01-020","Huyện Thanh Trì, Thành phố Hà Nội","base.state_vn_VN-HN","VN",1
"res_district_021","Quận Bắc Từ Liêm","VN-01-021","Quận Bắc Từ Liêm, Thành phố Hà Nội","base.state_vn_VN-HN","VN",0
"res_district_250","Huyện Mê Linh","VN-01-250","Huyện Mê Linh, Thành phố Hà Nội","base.state_vn_VN-HN","VN",1
"res_district_268","Quận Hà Đông","VN-01-268","Quận Hà Đông, Thành phố Hà Nội","base.state_vn_VN-HN","VN",0
"res_district_269","Thị xã Sơn Tây","VN-01-269","Thị xã Sơn Tây, Thành phố Hà Nội","base.state_vn_VN-HN","VN",2
"res_district_271","Huyện Ba Vì","VN-01-271","Huyện Ba Vì, Thành phố Hà Nội","base.state_vn_VN-HN","VN",1
"res_district_272","Huyện Phúc Thọ","VN-01-272","Huyện Phúc Thọ, Thành phố Hà Nội","base.state_vn_VN-HN","VN",1
"res_district_273","Huyện Đan Phượng","VN-01-273","Huyện Đan Phượng, Thành phố Hà Nội","base.state_vn_VN-HN","VN",1
"res_district_274","Huyện Hoài Đức","VN-01-274","Huyện Hoài Đức, Thành phố Hà Nội","base.state_vn_VN-HN","VN",1
"res_district_275","Huyện Quốc Oai","VN-01-275","Huyện Quốc Oai, Thành phố Hà Nội","base.state_vn_VN-HN","VN",1
"res_district_276","Huyện Thạch Thất","VN-01-276","Huyện Thạch Thất, Thành phố Hà Nội","base.state_vn_VN-HN","VN",1
"res_district_277","Huyện Chương Mỹ","VN-01-277","Huyện Chương Mỹ, Thành phố Hà Nội","base.state_vn_VN-HN","VN",1
"res_district_278","Huyện Thanh Oai","VN-01-278","Huyện Thanh Oai, Thành phố Hà Nội","base.state_vn_VN-HN","VN",1
"res_district_279","Huyện Thường Tín","VN-01-279","Huyện Thường Tín, Thành phố Hà Nội","base.state_vn_VN-HN","VN",1
"res_district_280","Huyện Phú Xuyên","VN-01-280","Huyện Phú Xuyên, Thành phố Hà Nội","base.state_vn_VN-HN","VN",1
"res_district_281","Huyện Ứng Hòa","VN-01-281","Huyện Ứng Hòa, Thành phố Hà Nội","base.state_vn_VN-HN","VN",1
"res_district_282","Huyện Mỹ Đức","VN-01-282","Huyện Mỹ Đức, Thành phố Hà Nội","base.state_vn_VN-HN","VN",1
"res_district_024","Thành phố Hà Giang","VN-02-024","Thành phố Hà Giang, Tỉnh Hà Giang","base.state_vn_VN-03","VN",3
"res_district_026","Huyện Đồng Văn","VN-02-026","Huyện Đồng Văn, Tỉnh Hà Giang","base.state_vn_VN-03","VN",1
"res_district_027","Huyện Mèo Vạc","VN-02-027","Huyện Mèo Vạc, Tỉnh Hà Giang","base.state_vn_VN-03","VN",1
"res_district_028","Huyện Yên Minh","VN-02-028","Huyện Yên Minh, Tỉnh Hà Giang","base.state_vn_VN-03","VN",1
"res_district_029","Huyện Quản Bạ","VN-02-029","Huyện Quản Bạ, Tỉnh Hà Giang","base.state_vn_VN-03","VN",1
"res_district_030","Huyện Vị Xuyên","VN-02-030","Huyện Vị Xuyên, Tỉnh Hà Giang","base.state_vn_VN-03","VN",1
"res_district_031","Huyện Bắc Mê","VN-02-031","Huyện Bắc Mê, Tỉnh Hà Giang","base.state_vn_VN-03","VN",1
"res_district_032","Huyện Hoàng Su Phì","VN-02-032","Huyện Hoàng Su Phì, Tỉnh Hà Giang","base.state_vn_VN-03","VN",1
"res_district_033","Huyện Xín Mần","VN-02-033","Huyện Xín Mần, Tỉnh Hà Giang","base.state_vn_VN-03","VN",1
"res_district_034","Huyện Bắc Quang","VN-02-034","Huyện Bắc Quang, Tỉnh Hà Giang","base.state_vn_VN-03","VN",1
"res_district_035","Huyện Quang Bình","VN-02-035","Huyện Quang Bình, Tỉnh Hà Giang","base.state_vn_VN-03","VN",1
"res_district_040","Thành phố Cao Bằng","VN-04-040","Thành phố Cao Bằng, Tỉnh Cao Bằng","base.state_vn_VN-04","VN",3
"res_district_042","Huyện Bảo Lâm","VN-04-042","Huyện Bảo Lâm, Tỉnh Cao Bằng","base.state_vn_VN-04","VN",1
"res_district_043","Huyện Bảo Lạc","VN-04-043","Huyện Bảo Lạc, Tỉnh Cao Bằng","base.state_vn_VN-04","VN",1
"res_district_045","Huyện Hà Quảng","VN-04-045","Huyện Hà Quảng, Tỉnh Cao Bằng","base.state_vn_VN-04","VN",1
"res_district_047","Huyện Trùng Khánh","VN-04-047","Huyện Trùng Khánh, Tỉnh Cao Bằng","base.state_vn_VN-04","VN",1
"res_district_048","Huyện Hạ Lang","VN-04-048","Huyện Hạ Lang, Tỉnh Cao Bằng","base.state_vn_VN-04","VN",1
"res_district_049","Huyện Quảng Hòa","VN-04-049","Huyện Quảng Hòa, Tỉnh Cao Bằng","base.state_vn_VN-04","VN",1
"res_district_051","Huyện Hoà An","VN-04-051","Huyện Hoà An, Tỉnh Cao Bằng","base.state_vn_VN-04","VN",1
"res_district_052","Huyện Nguyên Bình","VN-04-052","Huyện Nguyên Bình, Tỉnh Cao Bằng","base.state_vn_VN-04","VN",1
"res_district_053","Huyện Thạch An","VN-04-053","Huyện Thạch An, Tỉnh Cao Bằng","base.state_vn_VN-04","VN",1
"res_district_058","Thành Phố Bắc Kạn","VN-06-058","Thành Phố Bắc Kạn, Tỉnh Bắc Kạn","base.state_vn_VN-53","VN",3
"res_district_060","Huyện Pác Nặm","VN-06-060","Huyện Pác Nặm, Tỉnh Bắc Kạn","base.state_vn_VN-53","VN",1
"res_district_061","Huyện Ba Bể","VN-06-061","Huyện Ba Bể, Tỉnh Bắc Kạn","base.state_vn_VN-53","VN",1
"res_district_062","Huyện Ngân Sơn","VN-06-062","Huyện Ngân Sơn, Tỉnh Bắc Kạn","base.state_vn_VN-53","VN",1
"res_district_063","Huyện Bạch Thông","VN-06-063","Huyện Bạch Thông, Tỉnh Bắc Kạn","base.state_vn_VN-53","VN",1
"res_district_064","Huyện Chợ Đồn","VN-06-064","Huyện Chợ Đồn, Tỉnh Bắc Kạn","base.state_vn_VN-53","VN",1
"res_district_065","Huyện Chợ Mới","VN-06-065","Huyện Chợ Mới, Tỉnh Bắc Kạn","base.state_vn_VN-53","VN",1
"res_district_066","Huyện Na Rì","VN-06-066","Huyện Na Rì, Tỉnh Bắc Kạn","base.state_vn_VN-53","VN",1
"res_district_070","Thành phố Tuyên Quang","VN-08-070","Thành phố Tuyên Quang, Tỉnh Tuyên Quang","base.state_vn_VN-07","VN",3
"res_district_071","Huyện Lâm Bình","VN-08-071","Huyện Lâm Bình, Tỉnh Tuyên Quang","base.state_vn_VN-07","VN",1
"res_district_072","Huyện Na Hang","VN-08-072","Huyện Na Hang, Tỉnh Tuyên Quang","base.state_vn_VN-07","VN",1
"res_district_073","Huyện Chiêm Hóa","VN-08-073","Huyện Chiêm Hóa, Tỉnh Tuyên Quang","base.state_vn_VN-07","VN",1
"res_district_074","Huyện Hàm Yên","VN-08-074","Huyện Hàm Yên, Tỉnh Tuyên Quang","base.state_vn_VN-07","VN",1
"res_district_075","Huyện Yên Sơn","VN-08-075","Huyện Yên Sơn, Tỉnh Tuyên Quang","base.state_vn_VN-07","VN",1
"res_district_076","Huyện Sơn Dương","VN-08-076","Huyện Sơn Dương, Tỉnh Tuyên Quang","base.state_vn_VN-07","VN",1
"res_district_080","Thành phố Lào Cai","VN-10-080","Thành phố Lào Cai, Tỉnh Lào Cai","base.state_vn_VN-02","VN",3
"res_district_082","Huyện Bát Xát","VN-10-082","Huyện Bát Xát, Tỉnh Lào Cai","base.state_vn_VN-02","VN",1
"res_district_083","Huyện Mường Khương","VN-10-083","Huyện Mường Khương, Tỉnh Lào Cai","base.state_vn_VN-02","VN",1
"res_district_084","Huyện Si Ma Cai","VN-10-084","Huyện Si Ma Cai, Tỉnh Lào Cai","base.state_vn_VN-02","VN",1
"res_district_085","Huyện Bắc Hà","VN-10-085","Huyện Bắc Hà, Tỉnh Lào Cai","base.state_vn_VN-02","VN",1
"res_district_086","Huyện Bảo Thắng","VN-10-086","Huyện Bảo Thắng, Tỉnh Lào Cai","base.state_vn_VN-02","VN",1
"res_district_087","Huyện Bảo Yên","VN-10-087","Huyện Bảo Yên, Tỉnh Lào Cai","base.state_vn_VN-02","VN",1
"res_district_088","Thị xã Sa Pa","VN-10-088","Thị xã Sa Pa, Tỉnh Lào Cai","base.state_vn_VN-02","VN",2
"res_district_089","Huyện Văn Bàn","VN-10-089","Huyện Văn Bàn, Tỉnh Lào Cai","base.state_vn_VN-02","VN",1
"res_district_094","Thành phố Điện Biên Phủ","VN-11-094","Thành phố Điện Biên Phủ, Tỉnh Điện Biên","base.state_vn_VN-71","VN",3
"res_district_095","Thị Xã Mường Lay","VN-11-095","Thị Xã Mường Lay, Tỉnh Điện Biên","base.state_vn_VN-71","VN",2
"res_district_096","Huyện Mường Nhé","VN-11-096","Huyện Mường Nhé, Tỉnh Điện Biên","base.state_vn_VN-71","VN",1
"res_district_097","Huyện Mường Chà","VN-11-097","Huyện Mường Chà, Tỉnh Điện Biên","base.state_vn_VN-71","VN",1
"res_district_098","Huyện Tủa Chùa","VN-11-098","Huyện Tủa Chùa, Tỉnh Điện Biên","base.state_vn_VN-71","VN",1
"res_district_099","Huyện Tuần Giáo","VN-11-099","Huyện Tuần Giáo, Tỉnh Điện Biên","base.state_vn_VN-71","VN",1
"res_district_100","Huyện Điện Biên","VN-11-100","Huyện Điện Biên, Tỉnh Điện Biên","base.state_vn_VN-71","VN",1
"res_district_101","Huyện Điện Biên Đông","VN-11-101","Huyện Điện Biên Đông, Tỉnh Điện Biên","base.state_vn_VN-71","VN",1
"res_district_102","Huyện Mường Ảng","VN-11-102","Huyện Mường Ảng, Tỉnh Điện Biên","base.state_vn_VN-71","VN",1
"res_district_103","Huyện Nậm Pồ","VN-11-103","Huyện Nậm Pồ, Tỉnh Điện Biên","base.state_vn_VN-71","VN",1
"res_district_105","Thành phố Lai Châu","VN-12-105","Thành phố Lai Châu, Tỉnh Lai Châu","base.state_vn_VN-01","VN",3
"res_district_106","Huyện Tam Đường","VN-12-106","Huyện Tam Đường, Tỉnh Lai Châu","base.state_vn_VN-01","VN",1
"res_district_107","Huyện Mường Tè","VN-12-107","Huyện Mường Tè, Tỉnh Lai Châu","base.state_vn_VN-01","VN",1
"res_district_108","Huyện Sìn Hồ","VN-12-108","Huyện Sìn Hồ, Tỉnh Lai Châu","base.state_vn_VN-01","VN",1
"res_district_109","Huyện Phong Thổ","VN-12-109","Huyện Phong Thổ, Tỉnh Lai Châu","base.state_vn_VN-01","VN",1
"res_district_110","Huyện Than Uyên","VN-12-110","Huyện Than Uyên, Tỉnh Lai Châu","base.state_vn_VN-01","VN",1
"res_district_111","Huyện Tân Uyên","VN-12-111","Huyện Tân Uyên, Tỉnh Lai Châu","base.state_vn_VN-01","VN",1
"res_district_112","Huyện Nậm Nhùn","VN-12-112","Huyện Nậm Nhùn, Tỉnh Lai Châu","base.state_vn_VN-01","VN",1
"res_district_116","Thành phố Sơn La","VN-14-116","Thành phố Sơn La, Tỉnh Sơn La","base.state_vn_VN-05","VN",3
"res_district_118","Huyện Quỳnh Nhai","VN-14-118","Huyện Quỳnh Nhai, Tỉnh Sơn La","base.state_vn_VN-05","VN",1
"res_district_119","Huyện Thuận Châu","VN-14-119","Huyện Thuận Châu, Tỉnh Sơn La","base.state_vn_VN-05","VN",1
"res_district_120","Huyện Mường La","VN-14-120","Huyện Mường La, Tỉnh Sơn La","base.state_vn_VN-05","VN",1
"res_district_121","Huyện Bắc Yên","VN-14-121","Huyện Bắc Yên, Tỉnh Sơn La","base.state_vn_VN-05","VN",1
"res_district_122","Huyện Phù Yên","VN-14-122","Huyện Phù Yên, Tỉnh Sơn La","base.state_vn_VN-05","VN",1
"res_district_123","Huyện Mộc Châu","VN-14-123","Huyện Mộc Châu, Tỉnh Sơn La","base.state_vn_VN-05","VN",1
"res_district_124","Huyện Yên Châu","VN-14-124","Huyện Yên Châu, Tỉnh Sơn La","base.state_vn_VN-05","VN",1
"res_district_125","Huyện Mai Sơn","VN-14-125","Huyện Mai Sơn, Tỉnh Sơn La","base.state_vn_VN-05","VN",1
"res_district_126","Huyện Sông Mã","VN-14-126","Huyện Sông Mã, Tỉnh Sơn La","base.state_vn_VN-05","VN",1
"res_district_127","Huyện Sốp Cộp","VN-14-127","Huyện Sốp Cộp, Tỉnh Sơn La","base.state_vn_VN-05","VN",1
"res_district_128","Huyện Vân Hồ","VN-14-128","Huyện Vân Hồ, Tỉnh Sơn La","base.state_vn_VN-05","VN",1
"res_district_132","Thành phố Yên Bái","VN-15-132","Thành phố Yên Bái, Tỉnh Yên Bái","base.state_vn_VN-06","VN",3
"res_district_133","Thị xã Nghĩa Lộ","VN-15-133","Thị xã Nghĩa Lộ, Tỉnh Yên Bái","base.state_vn_VN-06","VN",2
"res_district_135","Huyện Lục Yên","VN-15-135","Huyện Lục Yên, Tỉnh Yên Bái","base.state_vn_VN-06","VN",1
"res_district_136","Huyện Văn Yên","VN-15-136","Huyện Văn Yên, Tỉnh Yên Bái","base.state_vn_VN-06","VN",1
"res_district_137","Huyện Mù Căng Chải","VN-15-137","Huyện Mù Căng Chải, Tỉnh Yên Bái","base.state_vn_VN-06","VN",1
"res_district_138","Huyện Trấn Yên","VN-15-138","Huyện Trấn Yên, Tỉnh Yên Bái","base.state_vn_VN-06","VN",1
"res_district_139","Huyện Trạm Tấu","VN-15-139","Huyện Trạm Tấu, Tỉnh Yên Bái","base.state_vn_VN-06","VN",1
"res_district_140","Huyện Văn Chấn","VN-15-140","Huyện Văn Chấn, Tỉnh Yên Bái","base.state_vn_VN-06","VN",1
"res_district_141","Huyện Yên Bình","VN-15-141","Huyện Yên Bình, Tỉnh Yên Bái","base.state_vn_VN-06","VN",1
"res_district_148","Thành phố Hòa Bình","VN-17-148","Thành phố Hòa Bình, Tỉnh Hoà Bình","base.state_vn_VN-14","VN",3
"res_district_150","Huyện Đà Bắc","VN-17-150","Huyện Đà Bắc, Tỉnh Hoà Bình","base.state_vn_VN-14","VN",1
"res_district_152","Huyện Lương Sơn","VN-17-152","Huyện Lương Sơn, Tỉnh Hoà Bình","base.state_vn_VN-14","VN",1
"res_district_153","Huyện Kim Bôi","VN-17-153","Huyện Kim Bôi, Tỉnh Hoà Bình","base.state_vn_VN-14","VN",1
"res_district_154","Huyện Cao Phong","VN-17-154","Huyện Cao Phong, Tỉnh Hoà Bình","base.state_vn_VN-14","VN",1
"res_district_155","Huyện Tân Lạc","VN-17-155","Huyện Tân Lạc, Tỉnh Hoà Bình","base.state_vn_VN-14","VN",1
"res_district_156","Huyện Mai Châu","VN-17-156","Huyện Mai Châu, Tỉnh Hoà Bình","base.state_vn_VN-14","VN",1
"res_district_157","Huyện Lạc Sơn","VN-17-157","Huyện Lạc Sơn, Tỉnh Hoà Bình","base.state_vn_VN-14","VN",1
"res_district_158","Huyện Yên Thủy","VN-17-158","Huyện Yên Thủy, Tỉnh Hoà Bình","base.state_vn_VN-14","VN",1
"res_district_159","Huyện Lạc Thủy","VN-17-159","Huyện Lạc Thủy, Tỉnh Hoà Bình","base.state_vn_VN-14","VN",1
"res_district_164","Thành phố Thái Nguyên","VN-19-164","Thành phố Thái Nguyên, Tỉnh Thái Nguyên","base.state_vn_VN-69","VN",3
"res_district_165","Thành phố Sông Công","VN-19-165","Thành phố Sông Công, Tỉnh Thái Nguyên","base.state_vn_VN-69","VN",3
"res_district_167","Huyện Định Hóa","VN-19-167","Huyện Định Hóa, Tỉnh Thái Nguyên","base.state_vn_VN-69","VN",1
"res_district_168","Huyện Phú Lương","VN-19-168","Huyện Phú Lương, Tỉnh Thái Nguyên","base.state_vn_VN-69","VN",1
"res_district_169","Huyện Đồng Hỷ","VN-19-169","Huyện Đồng Hỷ, Tỉnh Thái Nguyên","base.state_vn_VN-69","VN",1
"res_district_170","Huyện Võ Nhai","VN-19-170","Huyện Võ Nhai, Tỉnh Thái Nguyên","base.state_vn_VN-69","VN",1
"res_district_171","Huyện Đại Từ","VN-19-171","Huyện Đại Từ, Tỉnh Thái Nguyên","base.state_vn_VN-69","VN",1
"res_district_172","Thành phố Phổ Yên","VN-19-172","Thành phố Phổ Yên, Tỉnh Thái Nguyên","base.state_vn_VN-69","VN",3
"res_district_173","Huyện Phú Bình","VN-19-173","Huyện Phú Bình, Tỉnh Thái Nguyên","base.state_vn_VN-69","VN",1
"res_district_178","Thành phố Lạng Sơn","VN-20-178","Thành phố Lạng Sơn, Tỉnh Lạng Sơn","base.state_vn_VN-09","VN",3
"res_district_180","Huyện Tràng Định","VN-20-180","Huyện Tràng Định, Tỉnh Lạng Sơn","base.state_vn_VN-09","VN",1
"res_district_181","Huyện Bình Gia","VN-20-181","Huyện Bình Gia, Tỉnh Lạng Sơn","base.state_vn_VN-09","VN",1
"res_district_182","Huyện Văn Lãng","VN-20-182","Huyện Văn Lãng, Tỉnh Lạng Sơn","base.state_vn_VN-09","VN",1
"res_district_183","Huyện Cao Lộc","VN-20-183","Huyện Cao Lộc, Tỉnh Lạng Sơn","base.state_vn_VN-09","VN",1
"res_district_184","Huyện Văn Quan","VN-20-184","Huyện Văn Quan, Tỉnh Lạng Sơn","base.state_vn_VN-09","VN",1
"res_district_185","Huyện Bắc Sơn","VN-20-185","Huyện Bắc Sơn, Tỉnh Lạng Sơn","base.state_vn_VN-09","VN",1
"res_district_186","Huyện Hữu Lũng","VN-20-186","Huyện Hữu Lũng, Tỉnh Lạng Sơn","base.state_vn_VN-09","VN",1
"res_district_187","Huyện Chi Lăng","VN-20-187","Huyện Chi Lăng, Tỉnh Lạng Sơn","base.state_vn_VN-09","VN",1
"res_district_188","Huyện Lộc Bình","VN-20-188","Huyện Lộc Bình, Tỉnh Lạng Sơn","base.state_vn_VN-09","VN",1
"res_district_189","Huyện Đình Lập","VN-20-189","Huyện Đình Lập, Tỉnh Lạng Sơn","base.state_vn_VN-09","VN",1
"res_district_193","Thành phố Hạ Long","VN-22-193","Thành phố Hạ Long, Tỉnh Quảng Ninh","base.state_vn_VN-13","VN",3
"res_district_194","Thành phố Móng Cái","VN-22-194","Thành phố Móng Cái, Tỉnh Quảng Ninh","base.state_vn_VN-13","VN",3
"res_district_195","Thành phố Cẩm Phả","VN-22-195","Thành phố Cẩm Phả, Tỉnh Quảng Ninh","base.state_vn_VN-13","VN",3
"res_district_196","Thành phố Uông Bí","VN-22-196","Thành phố Uông Bí, Tỉnh Quảng Ninh","base.state_vn_VN-13","VN",3
"res_district_198","Huyện Bình Liêu","VN-22-198","Huyện Bình Liêu, Tỉnh Quảng Ninh","base.state_vn_VN-13","VN",1
"res_district_199","Huyện Tiên Yên","VN-22-199","Huyện Tiên Yên, Tỉnh Quảng Ninh","base.state_vn_VN-13","VN",1
"res_district_200","Huyện Đầm Hà","VN-22-200","Huyện Đầm Hà, Tỉnh Quảng Ninh","base.state_vn_VN-13","VN",1
"res_district_201","Huyện Hải Hà","VN-22-201","Huyện Hải Hà, Tỉnh Quảng Ninh","base.state_vn_VN-13","VN",1
"res_district_202","Huyện Ba Chẽ","VN-22-202","Huyện Ba Chẽ, Tỉnh Quảng Ninh","base.state_vn_VN-13","VN",1
"res_district_203","Huyện Vân Đồn","VN-22-203","Huyện Vân Đồn, Tỉnh Quảng Ninh","base.state_vn_VN-13","VN",1
"res_district_205","Thị xã Đông Triều","VN-22-205","Thị xã Đông Triều, Tỉnh Quảng Ninh","base.state_vn_VN-13","VN",2
"res_district_206","Thị xã Quảng Yên","VN-22-206","Thị xã Quảng Yên, Tỉnh Quảng Ninh","base.state_vn_VN-13","VN",2
"res_district_207","Huyện Cô Tô","VN-22-207","Huyện Cô Tô, Tỉnh Quảng Ninh","base.state_vn_VN-13","VN",1
"res_district_213","Thành phố Bắc Giang","VN-24-213","Thành phố Bắc Giang, Tỉnh Bắc Giang","base.state_vn_VN-54","VN",3
"res_district_215","Huyện Yên Thế","VN-24-215","Huyện Yên Thế, Tỉnh Bắc Giang","base.state_vn_VN-54","VN",1
"res_district_216","Huyện Tân Yên","VN-24-216","Huyện Tân Yên, Tỉnh Bắc Giang","base.state_vn_VN-54","VN",1
"res_district_217","Huyện Lạng Giang","VN-24-217","Huyện Lạng Giang, Tỉnh Bắc Giang","base.state_vn_VN-54","VN",1
"res_district_218","Huyện Lục Nam","VN-24-218","Huyện Lục Nam, Tỉnh Bắc Giang","base.state_vn_VN-54","VN",1
"res_district_219","Huyện Lục Ngạn","VN-24-219","Huyện Lục Ngạn, Tỉnh Bắc Giang","base.state_vn_VN-54","VN",1
"res_district_220","Huyện Sơn Động","VN-24-220","Huyện Sơn Động, Tỉnh Bắc Giang","base.state_vn_VN-54","VN",1
"res_district_221","Huyện Yên Dũng","VN-24-221","Huyện Yên Dũng, Tỉnh Bắc Giang","base.state_vn_VN-54","VN",1
"res_district_222","Huyện Việt Yên","VN-24-222","Huyện Việt Yên, Tỉnh Bắc Giang","base.state_vn_VN-54","VN",1
"res_district_223","Huyện Hiệp Hòa","VN-24-223","Huyện Hiệp Hòa, Tỉnh Bắc Giang","base.state_vn_VN-54","VN",1
"res_district_227","Thành phố Việt Trì","VN-25-227","Thành phố Việt Trì, Tỉnh Phú Thọ","base.state_vn_VN-68","VN",3
"res_district_228","Thị xã Phú Thọ","VN-25-228","Thị xã Phú Thọ, Tỉnh Phú Thọ","base.state_vn_VN-68","VN",2
"res_district_230","Huyện Đoan Hùng","VN-25-230","Huyện Đoan Hùng, Tỉnh Phú Thọ","base.state_vn_VN-68","VN",1
"res_district_231","Huyện Hạ Hoà","VN-25-231","Huyện Hạ Hoà, Tỉnh Phú Thọ","base.state_vn_VN-68","VN",1
"res_district_232","Huyện Thanh Ba","VN-25-232","Huyện Thanh Ba, Tỉnh Phú Thọ","base.state_vn_VN-68","VN",1
"res_district_233","Huyện Phù Ninh","VN-25-233","Huyện Phù Ninh, Tỉnh Phú Thọ","base.state_vn_VN-68","VN",1
"res_district_234","Huyện Yên Lập","VN-25-234","Huyện Yên Lập, Tỉnh Phú Thọ","base.state_vn_VN-68","VN",1
"res_district_235","Huyện Cẩm Khê","VN-25-235","Huyện Cẩm Khê, Tỉnh Phú Thọ","base.state_vn_VN-68","VN",1
"res_district_236","Huyện Tam Nông","VN-25-236","Huyện Tam Nông, Tỉnh Phú Thọ","base.state_vn_VN-68","VN",1
"res_district_237","Huyện Lâm Thao","VN-25-237","Huyện Lâm Thao, Tỉnh Phú Thọ","base.state_vn_VN-68","VN",1
"res_district_238","Huyện Thanh Sơn","VN-25-238","Huyện Thanh Sơn, Tỉnh Phú Thọ","base.state_vn_VN-68","VN",1
"res_district_239","Huyện Thanh Thuỷ","VN-25-239","Huyện Thanh Thuỷ, Tỉnh Phú Thọ","base.state_vn_VN-68","VN",1
"res_district_240","Huyện Tân Sơn","VN-25-240","Huyện Tân Sơn, Tỉnh Phú Thọ","base.state_vn_VN-68","VN",1
"res_district_243","Thành phố Vĩnh Yên","VN-26-243","Thành phố Vĩnh Yên, Tỉnh Vĩnh Phúc","base.state_vn_VN-70","VN",3
"res_district_244","Thành phố Phúc Yên","VN-26-244","Thành phố Phúc Yên, Tỉnh Vĩnh Phúc","base.state_vn_VN-70","VN",3
"res_district_246","Huyện Lập Thạch","VN-26-246","Huyện Lập Thạch, Tỉnh Vĩnh Phúc","base.state_vn_VN-70","VN",1
"res_district_247","Huyện Tam Dương","VN-26-247","Huyện Tam Dương, Tỉnh Vĩnh Phúc","base.state_vn_VN-70","VN",1
"res_district_248","Huyện Tam Đảo","VN-26-248","Huyện Tam Đảo, Tỉnh Vĩnh Phúc","base.state_vn_VN-70","VN",1
"res_district_249","Huyện Bình Xuyên","VN-26-249","Huyện Bình Xuyên, Tỉnh Vĩnh Phúc","base.state_vn_VN-70","VN",1
"res_district_251","Huyện Yên Lạc","VN-26-251","Huyện Yên Lạc, Tỉnh Vĩnh Phúc","base.state_vn_VN-70","VN",1
"res_district_252","Huyện Vĩnh Tường","VN-26-252","Huyện Vĩnh Tường, Tỉnh Vĩnh Phúc","base.state_vn_VN-70","VN",1
"res_district_253","Huyện Sông Lô","VN-26-253","Huyện Sông Lô, Tỉnh Vĩnh Phúc","base.state_vn_VN-70","VN",1
"res_district_256","Thành phố Bắc Ninh","VN-27-256","Thành phố Bắc Ninh, Tỉnh Bắc Ninh","base.state_vn_VN-56","VN",3
"res_district_258","Huyện Yên Phong","VN-27-258","Huyện Yên Phong, Tỉnh Bắc Ninh","base.state_vn_VN-56","VN",1
"res_district_259","Thị xã Quế Võ","VN-27-259","Thị xã Quế Võ, Tỉnh Bắc Ninh","base.state_vn_VN-56","VN",2
"res_district_260","Huyện Tiên Du","VN-27-260","Huyện Tiên Du, Tỉnh Bắc Ninh","base.state_vn_VN-56","VN",1
"res_district_261","Thành phố Từ Sơn","VN-27-261","Thành phố Từ Sơn, Tỉnh Bắc Ninh","base.state_vn_VN-56","VN",3
"res_district_262","Thị xã Thuận Thành","VN-27-262","Thị xã Thuận Thành, Tỉnh Bắc Ninh","base.state_vn_VN-56","VN",2
"res_district_263","Huyện Gia Bình","VN-27-263","Huyện Gia Bình, Tỉnh Bắc Ninh","base.state_vn_VN-56","VN",1
"res_district_264","Huyện Lương Tài","VN-27-264","Huyện Lương Tài, Tỉnh Bắc Ninh","base.state_vn_VN-56","VN",1
"res_district_288","Thành phố Hải Dương","VN-30-288","Thành phố Hải Dương, Tỉnh Hải Dương","base.state_vn_VN-61","VN",3
"res_district_290","Thành phố Chí Linh","VN-30-290","Thành phố Chí Linh, Tỉnh Hải Dương","base.state_vn_VN-61","VN",3
"res_district_291","Huyện Nam Sách","VN-30-291","Huyện Nam Sách, Tỉnh Hải Dương","base.state_vn_VN-61","VN",1
"res_district_292","Thị xã Kinh Môn","VN-30-292","Thị xã Kinh Môn, Tỉnh Hải Dương","base.state_vn_VN-61","VN",2
"res_district_293","Huyện Kim Thành","VN-30-293","Huyện Kim Thành, Tỉnh Hải Dương","base.state_vn_VN-61","VN",1
"res_district_294","Huyện Thanh Hà","VN-30-294","Huyện Thanh Hà, Tỉnh Hải Dương","base.state_vn_VN-61","VN",1
"res_district_295","Huyện Cẩm Giàng","VN-30-295","Huyện Cẩm Giàng, Tỉnh Hải Dương","base.state_vn_VN-61","VN",1
"res_district_296","Huyện Bình Giang","VN-30-296","Huyện Bình Giang, Tỉnh Hải Dương","base.state_vn_VN-61","VN",1
"res_district_297","Huyện Gia Lộc","VN-30-297","Huyện Gia Lộc, Tỉnh Hải Dương","base.state_vn_VN-61","VN",1
"res_district_298","Huyện Tứ Kỳ","VN-30-298","Huyện Tứ Kỳ, Tỉnh Hải Dương","base.state_vn_VN-61","VN",1
"res_district_299","Huyện Ninh Giang","VN-30-299","Huyện Ninh Giang, Tỉnh Hải Dương","base.state_vn_VN-61","VN",1
"res_district_300","Huyện Thanh Miện","VN-30-300","Huyện Thanh Miện, Tỉnh Hải Dương","base.state_vn_VN-61","VN",1
"res_district_303","Quận Hồng Bàng","VN-31-303","Quận Hồng Bàng, Thành phố Hải Phòng","base.state_vn_VN-HP","VN",0
"res_district_304","Quận Ngô Quyền","VN-31-304","Quận Ngô Quyền, Thành phố Hải Phòng","base.state_vn_VN-HP","VN",0
"res_district_305","Quận Lê Chân","VN-31-305","Quận Lê Chân, Thành phố Hải Phòng","base.state_vn_VN-HP","VN",0
"res_district_306","Quận Hải An","VN-31-306","Quận Hải An, Thành phố Hải Phòng","base.state_vn_VN-HP","VN",0
"res_district_307","Quận Kiến An","VN-31-307","Quận Kiến An, Thành phố Hải Phòng","base.state_vn_VN-HP","VN",0
"res_district_308","Quận Đồ Sơn","VN-31-308","Quận Đồ Sơn, Thành phố Hải Phòng","base.state_vn_VN-HP","VN",0
"res_district_309","Quận Dương Kinh","VN-31-309","Quận Dương Kinh, Thành phố Hải Phòng","base.state_vn_VN-HP","VN",0
"res_district_311","Huyện Thuỷ Nguyên","VN-31-311","Huyện Thuỷ Nguyên, Thành phố Hải Phòng","base.state_vn_VN-HP","VN",1
"res_district_312","Huyện An Dương","VN-31-312","Huyện An Dương, Thành phố Hải Phòng","base.state_vn_VN-HP","VN",1
"res_district_313","Huyện An Lão","VN-31-313","Huyện An Lão, Thành phố Hải Phòng","base.state_vn_VN-HP","VN",1
"res_district_314","Huyện Kiến Thuỵ","VN-31-314","Huyện Kiến Thuỵ, Thành phố Hải Phòng","base.state_vn_VN-HP","VN",1
"res_district_315","Huyện Tiên Lãng","VN-31-315","Huyện Tiên Lãng, Thành phố Hải Phòng","base.state_vn_VN-HP","VN",1
"res_district_316","Huyện Vĩnh Bảo","VN-31-316","Huyện Vĩnh Bảo, Thành phố Hải Phòng","base.state_vn_VN-HP","VN",1
"res_district_317","Huyện Cát Hải","VN-31-317","Huyện Cát Hải, Thành phố Hải Phòng","base.state_vn_VN-HP","VN",1
"res_district_318","Huyện Bạch Long Vĩ","VN-31-318","Huyện Bạch Long Vĩ, Thành phố Hải Phòng","base.state_vn_VN-HP","VN",1
"res_district_323","Thành phố Hưng Yên","VN-33-323","Thành phố Hưng Yên, Tỉnh Hưng Yên","base.state_vn_VN-66","VN",3
"res_district_325","Huyện Văn Lâm","VN-33-325","Huyện Văn Lâm, Tỉnh Hưng Yên","base.state_vn_VN-66","VN",1
"res_district_326","Huyện Văn Giang","VN-33-326","Huyện Văn Giang, Tỉnh Hưng Yên","base.state_vn_VN-66","VN",1
"res_district_327","Huyện Yên Mỹ","VN-33-327","Huyện Yên Mỹ, Tỉnh Hưng Yên","base.state_vn_VN-66","VN",1
"res_district_328","Thị xã Mỹ Hào","VN-33-328","Thị xã Mỹ Hào, Tỉnh Hưng Yên","base.state_vn_VN-66","VN",2
"res_district_329","Huyện Ân Thi","VN-33-329","Huyện Ân Thi, Tỉnh Hưng Yên","base.state_vn_VN-66","VN",1
"res_district_330","Huyện Khoái Châu","VN-33-330","Huyện Khoái Châu, Tỉnh Hưng Yên","base.state_vn_VN-66","VN",1
"res_district_331","Huyện Kim Động","VN-33-331","Huyện Kim Động, Tỉnh Hưng Yên","base.state_vn_VN-66","VN",1
"res_district_332","Huyện Tiên Lữ","VN-33-332","Huyện Tiên Lữ, Tỉnh Hưng Yên","base.state_vn_VN-66","VN",1
"res_district_333","Huyện Phù Cừ","VN-33-333","Huyện Phù Cừ, Tỉnh Hưng Yên","base.state_vn_VN-66","VN",1
"res_district_336","Thành phố Thái Bình","VN-34-336","Thành phố Thái Bình, Tỉnh Thái Bình","base.state_vn_VN-20","VN",3
"res_district_338","Huyện Quỳnh Phụ","VN-34-338","Huyện Quỳnh Phụ, Tỉnh Thái Bình","base.state_vn_VN-20","VN",1
"res_district_339","Huyện Hưng Hà","VN-34-339","Huyện Hưng Hà, Tỉnh Thái Bình","base.state_vn_VN-20","VN",1
"res_district_340","Huyện Đông Hưng","VN-34-340","Huyện Đông Hưng, Tỉnh Thái Bình","base.state_vn_VN-20","VN",1
"res_district_341","Huyện Thái Thụy","VN-34-341","Huyện Thái Thụy, Tỉnh Thái Bình","base.state_vn_VN-20","VN",1
"res_district_342","Huyện Tiền Hải","VN-34-342","Huyện Tiền Hải, Tỉnh Thái Bình","base.state_vn_VN-20","VN",1
"res_district_343","Huyện Kiến Xương","VN-34-343","Huyện Kiến Xương, Tỉnh Thái Bình","base.state_vn_VN-20","VN",1
"res_district_344","Huyện Vũ Thư","VN-34-344","Huyện Vũ Thư, Tỉnh Thái Bình","base.state_vn_VN-20","VN",1
"res_district_347","Thành phố Phủ Lý","VN-35-347","Thành phố Phủ Lý, Tỉnh Hà Nam","base.state_vn_VN-63","VN",3
"res_district_349","Thị xã Duy Tiên","VN-35-349","Thị xã Duy Tiên, Tỉnh Hà Nam","base.state_vn_VN-63","VN",2
"res_district_350","Huyện Kim Bảng","VN-35-350","Huyện Kim Bảng, Tỉnh Hà Nam","base.state_vn_VN-63","VN",1
"res_district_351","Huyện Thanh Liêm","VN-35-351","Huyện Thanh Liêm, Tỉnh Hà Nam","base.state_vn_VN-63","VN",1
"res_district_352","Huyện Bình Lục","VN-35-352","Huyện Bình Lục, Tỉnh Hà Nam","base.state_vn_VN-63","VN",1
"res_district_353","Huyện Lý Nhân","VN-35-353","Huyện Lý Nhân, Tỉnh Hà Nam","base.state_vn_VN-63","VN",1
"res_district_356","Thành phố Nam Định","VN-36-356","Thành phố Nam Định, Tỉnh Nam Định","base.state_vn_VN-67","VN",3
"res_district_358","Huyện Mỹ Lộc","VN-36-358","Huyện Mỹ Lộc, Tỉnh Nam Định","base.state_vn_VN-67","VN",1
"res_district_359","Huyện Vụ Bản","VN-36-359","Huyện Vụ Bản, Tỉnh Nam Định","base.state_vn_VN-67","VN",1
"res_district_360","Huyện Ý Yên","VN-36-360","Huyện Ý Yên, Tỉnh Nam Định","base.state_vn_VN-67","VN",1
"res_district_361","Huyện Nghĩa Hưng","VN-36-361","Huyện Nghĩa Hưng, Tỉnh Nam Định","base.state_vn_VN-67","VN",1
"res_district_362","Huyện Nam Trực","VN-36-362","Huyện Nam Trực, Tỉnh Nam Định","base.state_vn_VN-67","VN",1
"res_district_363","Huyện Trực Ninh","VN-36-363","Huyện Trực Ninh, Tỉnh Nam Định","base.state_vn_VN-67","VN",1
"res_district_364","Huyện Xuân Trường","VN-36-364","Huyện Xuân Trường, Tỉnh Nam Định","base.state_vn_VN-67","VN",1
"res_district_365","Huyện Giao Thủy","VN-36-365","Huyện Giao Thủy, Tỉnh Nam Định","base.state_vn_VN-67","VN",1
"res_district_366","Huyện Hải Hậu","VN-36-366","Huyện Hải Hậu, Tỉnh Nam Định","base.state_vn_VN-67","VN",1
"res_district_369","Thành phố Ninh Bình","VN-37-369","Thành phố Ninh Bình, Tỉnh Ninh Bình","base.state_vn_VN-18","VN",3
"res_district_370","Thành phố Tam Điệp","VN-37-370","Thành phố Tam Điệp, Tỉnh Ninh Bình","base.state_vn_VN-18","VN",3
"res_district_372","Huyện Nho Quan","VN-37-372","Huyện Nho Quan, Tỉnh Ninh Bình","base.state_vn_VN-18","VN",1
"res_district_373","Huyện Gia Viễn","VN-37-373","Huyện Gia Viễn, Tỉnh Ninh Bình","base.state_vn_VN-18","VN",1
"res_district_374","Huyện Hoa Lư","VN-37-374","Huyện Hoa Lư, Tỉnh Ninh Bình","base.state_vn_VN-18","VN",1
"res_district_375","Huyện Yên Khánh","VN-37-375","Huyện Yên Khánh, Tỉnh Ninh Bình","base.state_vn_VN-18","VN",1
"res_district_376","Huyện Kim Sơn","VN-37-376","Huyện Kim Sơn, Tỉnh Ninh Bình","base.state_vn_VN-18","VN",1
"res_district_377","Huyện Yên Mô","VN-37-377","Huyện Yên Mô, Tỉnh Ninh Bình","base.state_vn_VN-18","VN",1
"res_district_380","Thành phố Thanh Hóa","VN-38-380","Thành phố Thanh Hóa, Tỉnh Thanh Hóa","base.state_vn_VN-21","VN",3
"res_district_381","Thị xã Bỉm Sơn","VN-38-381","Thị xã Bỉm Sơn, Tỉnh Thanh Hóa","base.state_vn_VN-21","VN",2
"res_district_382","Thành phố Sầm Sơn","VN-38-382","Thành phố Sầm Sơn, Tỉnh Thanh Hóa","base.state_vn_VN-21","VN",3
"res_district_384","Huyện Mường Lát","VN-38-384","Huyện Mường Lát, Tỉnh Thanh Hóa","base.state_vn_VN-21","VN",1
"res_district_385","Huyện Quan Hóa","VN-38-385","Huyện Quan Hóa, Tỉnh Thanh Hóa","base.state_vn_VN-21","VN",1
"res_district_386","Huyện Bá Thước","VN-38-386","Huyện Bá Thước, Tỉnh Thanh Hóa","base.state_vn_VN-21","VN",1
"res_district_387","Huyện Quan Sơn","VN-38-387","Huyện Quan Sơn, Tỉnh Thanh Hóa","base.state_vn_VN-21","VN",1
"res_district_388","Huyện Lang Chánh","VN-38-388","Huyện Lang Chánh, Tỉnh Thanh Hóa","base.state_vn_VN-21","VN",1
"res_district_389","Huyện Ngọc Lặc","VN-38-389","Huyện Ngọc Lặc, Tỉnh Thanh Hóa","base.state_vn_VN-21","VN",1
"res_district_390","Huyện Cẩm Thủy","VN-38-390","Huyện Cẩm Thủy, Tỉnh Thanh Hóa","base.state_vn_VN-21","VN",1
"res_district_391","Huyện Thạch Thành","VN-38-391","Huyện Thạch Thành, Tỉnh Thanh Hóa","base.state_vn_VN-21","VN",1
"res_district_392","Huyện Hà Trung","VN-38-392","Huyện Hà Trung, Tỉnh Thanh Hóa","base.state_vn_VN-21","VN",1
"res_district_393","Huyện Vĩnh Lộc","VN-38-393","Huyện Vĩnh Lộc, Tỉnh Thanh Hóa","base.state_vn_VN-21","VN",1
"res_district_394","Huyện Yên Định","VN-38-394","Huyện Yên Định, Tỉnh Thanh Hóa","base.state_vn_VN-21","VN",1
"res_district_395","Huyện Thọ Xuân","VN-38-395","Huyện Thọ Xuân, Tỉnh Thanh Hóa","base.state_vn_VN-21","VN",1
"res_district_396","Huyện Thường Xuân","VN-38-396","Huyện Thường Xuân, Tỉnh Thanh Hóa","base.state_vn_VN-21","VN",1
"res_district_397","Huyện Triệu Sơn","VN-38-397","Huyện Triệu Sơn, Tỉnh Thanh Hóa","base.state_vn_VN-21","VN",1
"res_district_398","Huyện Thiệu Hóa","VN-38-398","Huyện Thiệu Hóa, Tỉnh Thanh Hóa","base.state_vn_VN-21","VN",1
"res_district_399","Huyện Hoằng Hóa","VN-38-399","Huyện Hoằng Hóa, Tỉnh Thanh Hóa","base.state_vn_VN-21","VN",1
"res_district_400","Huyện Hậu Lộc","VN-38-400","Huyện Hậu Lộc, Tỉnh Thanh Hóa","base.state_vn_VN-21","VN",1
"res_district_401","Huyện Nga Sơn","VN-38-401","Huyện Nga Sơn, Tỉnh Thanh Hóa","base.state_vn_VN-21","VN",1
"res_district_402","Huyện Như Xuân","VN-38-402","Huyện Như Xuân, Tỉnh Thanh Hóa","base.state_vn_VN-21","VN",1
"res_district_403","Huyện Như Thanh","VN-38-403","Huyện Như Thanh, Tỉnh Thanh Hóa","base.state_vn_VN-21","VN",1
"res_district_404","Huyện Nông Cống","VN-38-404","Huyện Nông Cống, Tỉnh Thanh Hóa","base.state_vn_VN-21","VN",1
"res_district_405","Huyện Đông Sơn","VN-38-405","Huyện Đông Sơn, Tỉnh Thanh Hóa","base.state_vn_VN-21","VN",1
"res_district_406","Huyện Quảng Xương","VN-38-406","Huyện Quảng Xương, Tỉnh Thanh Hóa","base.state_vn_VN-21","VN",1
"res_district_407","Thị xã Nghi Sơn","VN-38-407","Thị xã Nghi Sơn, Tỉnh Thanh Hóa","base.state_vn_VN-21","VN",2
"res_district_412","Thành phố Vinh","VN-40-412","Thành phố Vinh, Tỉnh Nghệ An","base.state_vn_VN-22","VN",3
"res_district_413","Thị xã Cửa Lò","VN-40-413","Thị xã Cửa Lò, Tỉnh Nghệ An","base.state_vn_VN-22","VN",2
"res_district_414","Thị xã Thái Hoà","VN-40-414","Thị xã Thái Hoà, Tỉnh Nghệ An","base.state_vn_VN-22","VN",2
"res_district_415","Huyện Quế Phong","VN-40-415","Huyện Quế Phong, Tỉnh Nghệ An","base.state_vn_VN-22","VN",1
"res_district_416","Huyện Quỳ Châu","VN-40-416","Huyện Quỳ Châu, Tỉnh Nghệ An","base.state_vn_VN-22","VN",1
"res_district_417","Huyện Kỳ Sơn","VN-40-417","Huyện Kỳ Sơn, Tỉnh Nghệ An","base.state_vn_VN-22","VN",1
"res_district_418","Huyện Tương Dương","VN-40-418","Huyện Tương Dương, Tỉnh Nghệ An","base.state_vn_VN-22","VN",1
"res_district_419","Huyện Nghĩa Đàn","VN-40-419","Huyện Nghĩa Đàn, Tỉnh Nghệ An","base.state_vn_VN-22","VN",1
"res_district_420","Huyện Quỳ Hợp","VN-40-420","Huyện Quỳ Hợp, Tỉnh Nghệ An","base.state_vn_VN-22","VN",1
"res_district_421","Huyện Quỳnh Lưu","VN-40-421","Huyện Quỳnh Lưu, Tỉnh Nghệ An","base.state_vn_VN-22","VN",1
"res_district_422","Huyện Con Cuông","VN-40-422","Huyện Con Cuông, Tỉnh Nghệ An","base.state_vn_VN-22","VN",1
"res_district_423","Huyện Tân Kỳ","VN-40-423","Huyện Tân Kỳ, Tỉnh Nghệ An","base.state_vn_VN-22","VN",1
"res_district_424","Huyện Anh Sơn","VN-40-424","Huyện Anh Sơn, Tỉnh Nghệ An","base.state_vn_VN-22","VN",1
"res_district_425","Huyện Diễn Châu","VN-40-425","Huyện Diễn Châu, Tỉnh Nghệ An","base.state_vn_VN-22","VN",1
"res_district_426","Huyện Yên Thành","VN-40-426","Huyện Yên Thành, Tỉnh Nghệ An","base.state_vn_VN-22","VN",1
"res_district_427","Huyện Đô Lương","VN-40-427","Huyện Đô Lương, Tỉnh Nghệ An","base.state_vn_VN-22","VN",1
"res_district_428","Huyện Thanh Chương","VN-40-428","Huyện Thanh Chương, Tỉnh Nghệ An","base.state_vn_VN-22","VN",1
"res_district_429","Huyện Nghi Lộc","VN-40-429","Huyện Nghi Lộc, Tỉnh Nghệ An","base.state_vn_VN-22","VN",1
"res_district_430","Huyện Nam Đàn","VN-40-430","Huyện Nam Đàn, Tỉnh Nghệ An","base.state_vn_VN-22","VN",1
"res_district_431","Huyện Hưng Nguyên","VN-40-431","Huyện Hưng Nguyên, Tỉnh Nghệ An","base.state_vn_VN-22","VN",1
"res_district_432","Thị xã Hoàng Mai","VN-40-432","Thị xã Hoàng Mai, Tỉnh Nghệ An","base.state_vn_VN-22","VN",2
"res_district_436","Thành phố Hà Tĩnh","VN-42-436","Thành phố Hà Tĩnh, Tỉnh Hà Tĩnh","base.state_vn_VN-23","VN",3
"res_district_437","Thị xã Hồng Lĩnh","VN-42-437","Thị xã Hồng Lĩnh, Tỉnh Hà Tĩnh","base.state_vn_VN-23","VN",2
"res_district_439","Huyện Hương Sơn","VN-42-439","Huyện Hương Sơn, Tỉnh Hà Tĩnh","base.state_vn_VN-23","VN",1
"res_district_440","Huyện Đức Thọ","VN-42-440","Huyện Đức Thọ, Tỉnh Hà Tĩnh","base.state_vn_VN-23","VN",1
"res_district_441","Huyện Vũ Quang","VN-42-441","Huyện Vũ Quang, Tỉnh Hà Tĩnh","base.state_vn_VN-23","VN",1
"res_district_442","Huyện Nghi Xuân","VN-42-442","Huyện Nghi Xuân, Tỉnh Hà Tĩnh","base.state_vn_VN-23","VN",1
"res_district_443","Huyện Can Lộc","VN-42-443","Huyện Can Lộc, Tỉnh Hà Tĩnh","base.state_vn_VN-23","VN",1
"res_district_444","Huyện Hương Khê","VN-42-444","Huyện Hương Khê, Tỉnh Hà Tĩnh","base.state_vn_VN-23","VN",1
"res_district_445","Huyện Thạch Hà","VN-42-445","Huyện Thạch Hà, Tỉnh Hà Tĩnh","base.state_vn_VN-23","VN",1
"res_district_446","Huyện Cẩm Xuyên","VN-42-446","Huyện Cẩm Xuyên, Tỉnh Hà Tĩnh","base.state_vn_VN-23","VN",1
"res_district_447","Huyện Kỳ Anh","VN-42-447","Huyện Kỳ Anh, Tỉnh Hà Tĩnh","base.state_vn_VN-23","VN",1
"res_district_448","Huyện Lộc Hà","VN-42-448","Huyện Lộc Hà, Tỉnh Hà Tĩnh","base.state_vn_VN-23","VN",1
"res_district_449","Thị xã Kỳ Anh","VN-42-449","Thị xã Kỳ Anh, Tỉnh Hà Tĩnh","base.state_vn_VN-23","VN",2
"res_district_450","Thành Phố Đồng Hới","VN-44-450","Thành Phố Đồng Hới, Tỉnh Quảng Bình","base.state_vn_VN-24","VN",3
"res_district_452","Huyện Minh Hóa","VN-44-452","Huyện Minh Hóa, Tỉnh Quảng Bình","base.state_vn_VN-24","VN",1
"res_district_453","Huyện Tuyên Hóa","VN-44-453","Huyện Tuyên Hóa, Tỉnh Quảng Bình","base.state_vn_VN-24","VN",1
"res_district_454","Huyện Quảng Trạch","VN-44-454","Huyện Quảng Trạch, Tỉnh Quảng Bình","base.state_vn_VN-24","VN",1
"res_district_455","Huyện Bố Trạch","VN-44-455","Huyện Bố Trạch, Tỉnh Quảng Bình","base.state_vn_VN-24","VN",1
"res_district_456","Huyện Quảng Ninh","VN-44-456","Huyện Quảng Ninh, Tỉnh Quảng Bình","base.state_vn_VN-24","VN",1
"res_district_457","Huyện Lệ Thủy","VN-44-457","Huyện Lệ Thủy, Tỉnh Quảng Bình","base.state_vn_VN-24","VN",1
"res_district_458","Thị xã Ba Đồn","VN-44-458","Thị xã Ba Đồn, Tỉnh Quảng Bình","base.state_vn_VN-24","VN",2
"res_district_461","Thành phố Đông Hà","VN-45-461","Thành phố Đông Hà, Tỉnh Quảng Trị","base.state_vn_VN-25","VN",3
"res_district_462","Thị xã Quảng Trị","VN-45-462","Thị xã Quảng Trị, Tỉnh Quảng Trị","base.state_vn_VN-25","VN",2
"res_district_464","Huyện Vĩnh Linh","VN-45-464","Huyện Vĩnh Linh, Tỉnh Quảng Trị","base.state_vn_VN-25","VN",1
"res_district_465","Huyện Hướng Hóa","VN-45-465","Huyện Hướng Hóa, Tỉnh Quảng Trị","base.state_vn_VN-25","VN",1
"res_district_466","Huyện Gio Linh","VN-45-466","Huyện Gio Linh, Tỉnh Quảng Trị","base.state_vn_VN-25","VN",1
"res_district_467","Huyện Đa Krông","VN-45-467","Huyện Đa Krông, Tỉnh Quảng Trị","base.state_vn_VN-25","VN",1
"res_district_468","Huyện Cam Lộ","VN-45-468","Huyện Cam Lộ, Tỉnh Quảng Trị","base.state_vn_VN-25","VN",1
"res_district_469","Huyện Triệu Phong","VN-45-469","Huyện Triệu Phong, Tỉnh Quảng Trị","base.state_vn_VN-25","VN",1
"res_district_470","Huyện Hải Lăng","VN-45-470","Huyện Hải Lăng, Tỉnh Quảng Trị","base.state_vn_VN-25","VN",1
"res_district_471","Huyện Cồn Cỏ","VN-45-471","Huyện Cồn Cỏ, Tỉnh Quảng Trị","base.state_vn_VN-25","VN",1
"res_district_474","Thành phố Huế","VN-46-474","Thành phố Huế, Tỉnh Thừa Thiên Huế","base.state_vn_VN-26","VN",3
"res_district_476","Huyện Phong Điền","VN-46-476","Huyện Phong Điền, Tỉnh Thừa Thiên Huế","base.state_vn_VN-26","VN",1
"res_district_477","Huyện Quảng Điền","VN-46-477","Huyện Quảng Điền, Tỉnh Thừa Thiên Huế","base.state_vn_VN-26","VN",1
"res_district_478","Huyện Phú Vang","VN-46-478","Huyện Phú Vang, Tỉnh Thừa Thiên Huế","base.state_vn_VN-26","VN",1
"res_district_479","Thị xã Hương Thủy","VN-46-479","Thị xã Hương Thủy, Tỉnh Thừa Thiên Huế","base.state_vn_VN-26","VN",2
"res_district_480","Thị xã Hương Trà","VN-46-480","Thị xã Hương Trà, Tỉnh Thừa Thiên Huế","base.state_vn_VN-26","VN",2
"res_district_481","Huyện A Lưới","VN-46-481","Huyện A Lưới, Tỉnh Thừa Thiên Huế","base.state_vn_VN-26","VN",1
"res_district_482","Huyện Phú Lộc","VN-46-482","Huyện Phú Lộc, Tỉnh Thừa Thiên Huế","base.state_vn_VN-26","VN",1
"res_district_483","Huyện Nam Đông","VN-46-483","Huyện Nam Đông, Tỉnh Thừa Thiên Huế","base.state_vn_VN-26","VN",1
"res_district_490","Quận Liên Chiểu","VN-48-490","Quận Liên Chiểu, Thành phố Đà Nẵng","base.state_vn_VN-DN","VN",0
"res_district_491","Quận Thanh Khê","VN-48-491","Quận Thanh Khê, Thành phố Đà Nẵng","base.state_vn_VN-DN","VN",0
"res_district_492","Quận Hải Châu","VN-48-492","Quận Hải Châu, Thành phố Đà Nẵng","base.state_vn_VN-DN","VN",0
"res_district_493","Quận Sơn Trà","VN-48-493","Quận Sơn Trà, Thành phố Đà Nẵng","base.state_vn_VN-DN","VN",0
"res_district_494","Quận Ngũ Hành Sơn","VN-48-494","Quận Ngũ Hành Sơn, Thành phố Đà Nẵng","base.state_vn_VN-DN","VN",0
"res_district_495","Quận Cẩm Lệ","VN-48-495","Quận Cẩm Lệ, Thành phố Đà Nẵng","base.state_vn_VN-DN","VN",0
"res_district_497","Huyện Hòa Vang","VN-48-497","Huyện Hòa Vang, Thành phố Đà Nẵng","base.state_vn_VN-DN","VN",1
"res_district_498","Huyện Hoàng Sa","VN-48-498","Huyện Hoàng Sa, Thành phố Đà Nẵng","base.state_vn_VN-DN","VN",1
"res_district_502","Thành phố Tam Kỳ","VN-49-502","Thành phố Tam Kỳ, Tỉnh Quảng Nam","base.state_vn_VN-27","VN",3
"res_district_503","Thành phố Hội An","VN-49-503","Thành phố Hội An, Tỉnh Quảng Nam","base.state_vn_VN-27","VN",3
"res_district_504","Huyện Tây Giang","VN-49-504","Huyện Tây Giang, Tỉnh Quảng Nam","base.state_vn_VN-27","VN",1
"res_district_505","Huyện Đông Giang","VN-49-505","Huyện Đông Giang, Tỉnh Quảng Nam","base.state_vn_VN-27","VN",1
"res_district_506","Huyện Đại Lộc","VN-49-506","Huyện Đại Lộc, Tỉnh Quảng Nam","base.state_vn_VN-27","VN",1
"res_district_507","Thị xã Điện Bàn","VN-49-507","Thị xã Điện Bàn, Tỉnh Quảng Nam","base.state_vn_VN-27","VN",2
"res_district_508","Huyện Duy Xuyên","VN-49-508","Huyện Duy Xuyên, Tỉnh Quảng Nam","base.state_vn_VN-27","VN",1
"res_district_509","Huyện Quế Sơn","VN-49-509","Huyện Quế Sơn, Tỉnh Quảng Nam","base.state_vn_VN-27","VN",1
"res_district_510","Huyện Nam Giang","VN-49-510","Huyện Nam Giang, Tỉnh Quảng Nam","base.state_vn_VN-27","VN",1
"res_district_511","Huyện Phước Sơn","VN-49-511","Huyện Phước Sơn, Tỉnh Quảng Nam","base.state_vn_VN-27","VN",1
"res_district_512","Huyện Hiệp Đức","VN-49-512","Huyện Hiệp Đức, Tỉnh Quảng Nam","base.state_vn_VN-27","VN",1
"res_district_513","Huyện Thăng Bình","VN-49-513","Huyện Thăng Bình, Tỉnh Quảng Nam","base.state_vn_VN-27","VN",1
"res_district_514","Huyện Tiên Phước","VN-49-514","Huyện Tiên Phước, Tỉnh Quảng Nam","base.state_vn_VN-27","VN",1
"res_district_515","Huyện Bắc Trà My","VN-49-515","Huyện Bắc Trà My, Tỉnh Quảng Nam","base.state_vn_VN-27","VN",1
"res_district_516","Huyện Nam Trà My","VN-49-516","Huyện Nam Trà My, Tỉnh Quảng Nam","base.state_vn_VN-27","VN",1
"res_district_517","Huyện Núi Thành","VN-49-517","Huyện Núi Thành, Tỉnh Quảng Nam","base.state_vn_VN-27","VN",1
"res_district_518","Huyện Phú Ninh","VN-49-518","Huyện Phú Ninh, Tỉnh Quảng Nam","base.state_vn_VN-27","VN",1
"res_district_519","Huyện Nông Sơn","VN-49-519","Huyện Nông Sơn, Tỉnh Quảng Nam","base.state_vn_VN-27","VN",1
"res_district_522","Thành phố Quảng Ngãi","VN-51-522","Thành phố Quảng Ngãi, Tỉnh Quảng Ngãi","base.state_vn_VN-29","VN",3
"res_district_524","Huyện Bình Sơn","VN-51-524","Huyện Bình Sơn, Tỉnh Quảng Ngãi","base.state_vn_VN-29","VN",1
"res_district_525","Huyện Trà Bồng","VN-51-525","Huyện Trà Bồng, Tỉnh Quảng Ngãi","base.state_vn_VN-29","VN",1
"res_district_527","Huyện Sơn Tịnh","VN-51-527","Huyện Sơn Tịnh, Tỉnh Quảng Ngãi","base.state_vn_VN-29","VN",1
"res_district_528","Huyện Tư Nghĩa","VN-51-528","Huyện Tư Nghĩa, Tỉnh Quảng Ngãi","base.state_vn_VN-29","VN",1
"res_district_529","Huyện Sơn Hà","VN-51-529","Huyện Sơn Hà, Tỉnh Quảng Ngãi","base.state_vn_VN-29","VN",1
"res_district_530","Huyện Sơn Tây","VN-51-530","Huyện Sơn Tây, Tỉnh Quảng Ngãi","base.state_vn_VN-29","VN",1
"res_district_531","Huyện Minh Long","VN-51-531","Huyện Minh Long, Tỉnh Quảng Ngãi","base.state_vn_VN-29","VN",1
"res_district_532","Huyện Nghĩa Hành","VN-51-532","Huyện Nghĩa Hành, Tỉnh Quảng Ngãi","base.state_vn_VN-29","VN",1
"res_district_533","Huyện Mộ Đức","VN-51-533","Huyện Mộ Đức, Tỉnh Quảng Ngãi","base.state_vn_VN-29","VN",1
"res_district_534","Thị xã Đức Phổ","VN-51-534","Thị xã Đức Phổ, Tỉnh Quảng Ngãi","base.state_vn_VN-29","VN",2
"res_district_535","Huyện Ba Tơ","VN-51-535","Huyện Ba Tơ, Tỉnh Quảng Ngãi","base.state_vn_VN-29","VN",1
"res_district_536","Huyện Lý Sơn","VN-51-536","Huyện Lý Sơn, Tỉnh Quảng Ngãi","base.state_vn_VN-29","VN",1
"res_district_540","Thành phố Quy Nhơn","VN-52-540","Thành phố Quy Nhơn, Tỉnh Bình Định","base.state_vn_VN-31","VN",3
"res_district_542","Huyện An Lão","VN-52-542","Huyện An Lão, Tỉnh Bình Định","base.state_vn_VN-31","VN",1
"res_district_543","Thị xã Hoài Nhơn","VN-52-543","Thị xã Hoài Nhơn, Tỉnh Bình Định","base.state_vn_VN-31","VN",2
"res_district_544","Huyện Hoài Ân","VN-52-544","Huyện Hoài Ân, Tỉnh Bình Định","base.state_vn_VN-31","VN",1
"res_district_545","Huyện Phù Mỹ","VN-52-545","Huyện Phù Mỹ, Tỉnh Bình Định","base.state_vn_VN-31","VN",1
"res_district_546","Huyện Vĩnh Thạnh","VN-52-546","Huyện Vĩnh Thạnh, Tỉnh Bình Định","base.state_vn_VN-31","VN",1
"res_district_547","Huyện Tây Sơn","VN-52-547","Huyện Tây Sơn, Tỉnh Bình Định","base.state_vn_VN-31","VN",1
"res_district_548","Huyện Phù Cát","VN-52-548","Huyện Phù Cát, Tỉnh Bình Định","base.state_vn_VN-31","VN",1
"res_district_549","Thị xã An Nhơn","VN-52-549","Thị xã An Nhơn, Tỉnh Bình Định","base.state_vn_VN-31","VN",2
"res_district_550","Huyện Tuy Phước","VN-52-550","Huyện Tuy Phước, Tỉnh Bình Định","base.state_vn_VN-31","VN",1
"res_district_551","Huyện Vân Canh","VN-52-551","Huyện Vân Canh, Tỉnh Bình Định","base.state_vn_VN-31","VN",1
"res_district_555","Thành phố Tuy Hoà","VN-54-555","Thành phố Tuy Hoà, Tỉnh Phú Yên","base.state_vn_VN-32","VN",3
"res_district_557","Thị xã Sông Cầu","VN-54-557","Thị xã Sông Cầu, Tỉnh Phú Yên","base.state_vn_VN-32","VN",2
"res_district_558","Huyện Đồng Xuân","VN-54-558","Huyện Đồng Xuân, Tỉnh Phú Yên","base.state_vn_VN-32","VN",1
"res_district_559","Huyện Tuy An","VN-54-559","Huyện Tuy An, Tỉnh Phú Yên","base.state_vn_VN-32","VN",1
"res_district_560","Huyện Sơn Hòa","VN-54-560","Huyện Sơn Hòa, Tỉnh Phú Yên","base.state_vn_VN-32","VN",1
"res_district_561","Huyện Sông Hinh","VN-54-561","Huyện Sông Hinh, Tỉnh Phú Yên","base.state_vn_VN-32","VN",1
"res_district_562","Huyện Tây Hoà","VN-54-562","Huyện Tây Hoà, Tỉnh Phú Yên","base.state_vn_VN-32","VN",1
"res_district_563","Huyện Phú Hoà","VN-54-563","Huyện Phú Hoà, Tỉnh Phú Yên","base.state_vn_VN-32","VN",1
"res_district_564","Thị xã Đông Hòa","VN-54-564","Thị xã Đông Hòa, Tỉnh Phú Yên","base.state_vn_VN-32","VN",2
"res_district_568","Thành phố Nha Trang","VN-56-568","Thành phố Nha Trang, Tỉnh Khánh Hòa","base.state_vn_VN-34","VN",3
"res_district_569","Thành phố Cam Ranh","VN-56-569","Thành phố Cam Ranh, Tỉnh Khánh Hòa","base.state_vn_VN-34","VN",3
"res_district_570","Huyện Cam Lâm","VN-56-570","Huyện Cam Lâm, Tỉnh Khánh Hòa","base.state_vn_VN-34","VN",1
"res_district_571","Huyện Vạn Ninh","VN-56-571","Huyện Vạn Ninh, Tỉnh Khánh Hòa","base.state_vn_VN-34","VN",1
"res_district_572","Thị xã Ninh Hòa","VN-56-572","Thị xã Ninh Hòa, Tỉnh Khánh Hòa","base.state_vn_VN-34","VN",2
"res_district_573","Huyện Khánh Vĩnh","VN-56-573","Huyện Khánh Vĩnh, Tỉnh Khánh Hòa","base.state_vn_VN-34","VN",1
"res_district_574","Huyện Diên Khánh","VN-56-574","Huyện Diên Khánh, Tỉnh Khánh Hòa","base.state_vn_VN-34","VN",1
"res_district_575","Huyện Khánh Sơn","VN-56-575","Huyện Khánh Sơn, Tỉnh Khánh Hòa","base.state_vn_VN-34","VN",1
"res_district_576","Huyện Trường Sa","VN-56-576","Huyện Trường Sa, Tỉnh Khánh Hòa","base.state_vn_VN-34","VN",1
"res_district_582","Thành phố Phan Rang-Tháp Chàm","VN-58-582","Thành phố Phan Rang-Tháp Chàm, Tỉnh Ninh Thuận","base.state_vn_VN-36","VN",3
"res_district_584","Huyện Bác Ái","VN-58-584","Huyện Bác Ái, Tỉnh Ninh Thuận","base.state_vn_VN-36","VN",1
"res_district_585","Huyện Ninh Sơn","VN-58-585","Huyện Ninh Sơn, Tỉnh Ninh Thuận","base.state_vn_VN-36","VN",1
"res_district_586","Huyện Ninh Hải","VN-58-586","Huyện Ninh Hải, Tỉnh Ninh Thuận","base.state_vn_VN-36","VN",1
"res_district_587","Huyện Ninh Phước","VN-58-587","Huyện Ninh Phước, Tỉnh Ninh Thuận","base.state_vn_VN-36","VN",1
"res_district_588","Huyện Thuận Bắc","VN-58-588","Huyện Thuận Bắc, Tỉnh Ninh Thuận","base.state_vn_VN-36","VN",1
"res_district_589","Huyện Thuận Nam","VN-58-589","Huyện Thuận Nam, Tỉnh Ninh Thuận","base.state_vn_VN-36","VN",1
"res_district_593","Thành phố Phan Thiết","VN-60-593","Thành phố Phan Thiết, Tỉnh Bình Thuận","base.state_vn_VN-40","VN",3
"res_district_594","Thị xã La Gi","VN-60-594","Thị xã La Gi, Tỉnh Bình Thuận","base.state_vn_VN-40","VN",2
"res_district_595","Huyện Tuy Phong","VN-60-595","Huyện Tuy Phong, Tỉnh Bình Thuận","base.state_vn_VN-40","VN",1
"res_district_596","Huyện Bắc Bình","VN-60-596","Huyện Bắc Bình, Tỉnh Bình Thuận","base.state_vn_VN-40","VN",1
"res_district_597","Huyện Hàm Thuận Bắc","VN-60-597","Huyện Hàm Thuận Bắc, Tỉnh Bình Thuận","base.state_vn_VN-40","VN",1
"res_district_598","Huyện Hàm Thuận Nam","VN-60-598","Huyện Hàm Thuận Nam, Tỉnh Bình Thuận","base.state_vn_VN-40","VN",1
"res_district_599","Huyện Tánh Linh","VN-60-599","Huyện Tánh Linh, Tỉnh Bình Thuận","base.state_vn_VN-40","VN",1
"res_district_600","Huyện Đức Linh","VN-60-600","Huyện Đức Linh, Tỉnh Bình Thuận","base.state_vn_VN-40","VN",1
"res_district_601","Huyện Hàm Tân","VN-60-601","Huyện Hàm Tân, Tỉnh Bình Thuận","base.state_vn_VN-40","VN",1
"res_district_602","Huyện Phú Quí","VN-60-602","Huyện Phú Quí, Tỉnh Bình Thuận","base.state_vn_VN-40","VN",1
"res_district_608","Thành phố Kon Tum","VN-62-608","Thành phố Kon Tum, Tỉnh Kon Tum","base.state_vn_VN-28","VN",3
"res_district_610","Huyện Đắk Glei","VN-62-610","Huyện Đắk Glei, Tỉnh Kon Tum","base.state_vn_VN-28","VN",1
"res_district_611","Huyện Ngọc Hồi","VN-62-611","Huyện Ngọc Hồi, Tỉnh Kon Tum","base.state_vn_VN-28","VN",1
"res_district_612","Huyện Đắk Tô","VN-62-612","Huyện Đắk Tô, Tỉnh Kon Tum","base.state_vn_VN-28","VN",1
"res_district_613","Huyện Kon Plông","VN-62-613","Huyện Kon Plông, Tỉnh Kon Tum","base.state_vn_VN-28","VN",1
"res_district_614","Huyện Kon Rẫy","VN-62-614","Huyện Kon Rẫy, Tỉnh Kon Tum","base.state_vn_VN-28","VN",1
"res_district_615","Huyện Đắk Hà","VN-62-615","Huyện Đắk Hà, Tỉnh Kon Tum","base.state_vn_VN-28","VN",1
"res_district_616","Huyện Sa Thầy","VN-62-616","Huyện Sa Thầy, Tỉnh Kon Tum","base.state_vn_VN-28","VN",1
"res_district_617","Huyện Tu Mơ Rông","VN-62-617","Huyện Tu Mơ Rông, Tỉnh Kon Tum","base.state_vn_VN-28","VN",1
"res_district_618","Huyện Ia H' Drai","VN-62-618","Huyện Ia H' Drai, Tỉnh Kon Tum","base.state_vn_VN-28","VN",1
"res_district_622","Thành phố Pleiku","VN-64-622","Thành phố Pleiku, Tỉnh Gia Lai","base.state_vn_VN-30","VN",3
"res_district_623","Thị xã An Khê","VN-64-623","Thị xã An Khê, Tỉnh Gia Lai","base.state_vn_VN-30","VN",2
"res_district_624","Thị xã Ayun Pa","VN-64-624","Thị xã Ayun Pa, Tỉnh Gia Lai","base.state_vn_VN-30","VN",2
"res_district_625","Huyện KBang","VN-64-625","Huyện KBang, Tỉnh Gia Lai","base.state_vn_VN-30","VN",1
"res_district_626","Huyện Đăk Đoa","VN-64-626","Huyện Đăk Đoa, Tỉnh Gia Lai","base.state_vn_VN-30","VN",1
"res_district_627","Huyện Chư Păh","VN-64-627","Huyện Chư Păh, Tỉnh Gia Lai","base.state_vn_VN-30","VN",1
"res_district_628","Huyện Ia Grai","VN-64-628","Huyện Ia Grai, Tỉnh Gia Lai","base.state_vn_VN-30","VN",1
"res_district_629","Huyện Mang Yang","VN-64-629","Huyện Mang Yang, Tỉnh Gia Lai","base.state_vn_VN-30","VN",1
"res_district_630","Huyện Kông Chro","VN-64-630","Huyện Kông Chro, Tỉnh Gia Lai","base.state_vn_VN-30","VN",1
"res_district_631","Huyện Đức Cơ","VN-64-631","Huyện Đức Cơ, Tỉnh Gia Lai","base.state_vn_VN-30","VN",1
"res_district_632","Huyện Chư Prông","VN-64-632","Huyện Chư Prông, Tỉnh Gia Lai","base.state_vn_VN-30","VN",1
"res_district_633","Huyện Chư Sê","VN-64-633","Huyện Chư Sê, Tỉnh Gia Lai","base.state_vn_VN-30","VN",1
"res_district_634","Huyện Đăk Pơ","VN-64-634","Huyện Đăk Pơ, Tỉnh Gia Lai","base.state_vn_VN-30","VN",1
"res_district_635","Huyện Ia Pa","VN-64-635","Huyện Ia Pa, Tỉnh Gia Lai","base.state_vn_VN-30","VN",1
"res_district_637","Huyện Krông Pa","VN-64-637","Huyện Krông Pa, Tỉnh Gia Lai","base.state_vn_VN-30","VN",1
"res_district_638","Huyện Phú Thiện","VN-64-638","Huyện Phú Thiện, Tỉnh Gia Lai","base.state_vn_VN-30","VN",1
"res_district_639","Huyện Chư Pưh","VN-64-639","Huyện Chư Pưh, Tỉnh Gia Lai","base.state_vn_VN-30","VN",1
"res_district_643","Thành phố Buôn Ma Thuột","VN-66-643","Thành phố Buôn Ma Thuột, Tỉnh Đắk Lắk","base.state_vn_VN-33","VN",3
"res_district_644","Thị Xã Buôn Hồ","VN-66-644","Thị Xã Buôn Hồ, Tỉnh Đắk Lắk","base.state_vn_VN-33","VN",2
"res_district_645","Huyện Ea H'leo","VN-66-645","Huyện Ea H'leo, Tỉnh Đắk Lắk","base.state_vn_VN-33","VN",1
"res_district_646","Huyện Ea Súp","VN-66-646","Huyện Ea Súp, Tỉnh Đắk Lắk","base.state_vn_VN-33","VN",1
"res_district_647","Huyện Buôn Đôn","VN-66-647","Huyện Buôn Đôn, Tỉnh Đắk Lắk","base.state_vn_VN-33","VN",1
"res_district_648","Huyện Cư M'gar","VN-66-648","Huyện Cư M'gar, Tỉnh Đắk Lắk","base.state_vn_VN-33","VN",1
"res_district_649","Huyện Krông Búk","VN-66-649","Huyện Krông Búk, Tỉnh Đắk Lắk","base.state_vn_VN-33","VN",1
"res_district_650","Huyện Krông Năng","VN-66-650","Huyện Krông Năng, Tỉnh Đắk Lắk","base.state_vn_VN-33","VN",1
"res_district_651","Huyện Ea Kar","VN-66-651","Huyện Ea Kar, Tỉnh Đắk Lắk","base.state_vn_VN-33","VN",1
"res_district_652","Huyện M'Đrắk","VN-66-652","Huyện M'Đrắk, Tỉnh Đắk Lắk","base.state_vn_VN-33","VN",1
"res_district_653","Huyện Krông Bông","VN-66-653","Huyện Krông Bông, Tỉnh Đắk Lắk","base.state_vn_VN-33","VN",1
"res_district_654","Huyện Krông Pắc","VN-66-654","Huyện Krông Pắc, Tỉnh Đắk Lắk","base.state_vn_VN-33","VN",1
"res_district_655","Huyện Krông A Na","VN-66-655","Huyện Krông A Na, Tỉnh Đắk Lắk","base.state_vn_VN-33","VN",1
"res_district_656","Huyện Lắk","VN-66-656","Huyện Lắk, Tỉnh Đắk Lắk","base.state_vn_VN-33","VN",1
"res_district_657","Huyện Cư Kuin","VN-66-657","Huyện Cư Kuin, Tỉnh Đắk Lắk","base.state_vn_VN-33","VN",1
"res_district_660","Thành phố Gia Nghĩa","VN-67-660","Thành phố Gia Nghĩa, Tỉnh Đắk Nông","base.state_vn_VN-72","VN",3
"res_district_661","Huyện Đăk Glong","VN-67-661","Huyện Đăk Glong, Tỉnh Đắk Nông","base.state_vn_VN-72","VN",1
"res_district_662","Huyện Cư Jút","VN-67-662","Huyện Cư Jút, Tỉnh Đắk Nông","base.state_vn_VN-72","VN",1
"res_district_663","Huyện Đắk Mil","VN-67-663","Huyện Đắk Mil, Tỉnh Đắk Nông","base.state_vn_VN-72","VN",1
"res_district_664","Huyện Krông Nô","VN-67-664","Huyện Krông Nô, Tỉnh Đắk Nông","base.state_vn_VN-72","VN",1
"res_district_665","Huyện Đắk Song","VN-67-665","Huyện Đắk Song, Tỉnh Đắk Nông","base.state_vn_VN-72","VN",1
"res_district_666","Huyện Đắk R'Lấp","VN-67-666","Huyện Đắk R'Lấp, Tỉnh Đắk Nông","base.state_vn_VN-72","VN",1
"res_district_667","Huyện Tuy Đức","VN-67-667","Huyện Tuy Đức, Tỉnh Đắk Nông","base.state_vn_VN-72","VN",1
"res_district_672","Thành phố Đà Lạt","VN-68-672","Thành phố Đà Lạt, Tỉnh Lâm Đồng","base.state_vn_VN-35","VN",3
"res_district_673","Thành phố Bảo Lộc","VN-68-673","Thành phố Bảo Lộc, Tỉnh Lâm Đồng","base.state_vn_VN-35","VN",3
"res_district_674","Huyện Đam Rông","VN-68-674","Huyện Đam Rông, Tỉnh Lâm Đồng","base.state_vn_VN-35","VN",1
"res_district_675","Huyện Lạc Dương","VN-68-675","Huyện Lạc Dương, Tỉnh Lâm Đồng","base.state_vn_VN-35","VN",1
"res_district_676","Huyện Lâm Hà","VN-68-676","Huyện Lâm Hà, Tỉnh Lâm Đồng","base.state_vn_VN-35","VN",1
"res_district_677","Huyện Đơn Dương","VN-68-677","Huyện Đơn Dương, Tỉnh Lâm Đồng","base.state_vn_VN-35","VN",1
"res_district_678","Huyện Đức Trọng","VN-68-678","Huyện Đức Trọng, Tỉnh Lâm Đồng","base.state_vn_VN-35","VN",1
"res_district_679","Huyện Di Linh","VN-68-679","Huyện Di Linh, Tỉnh Lâm Đồng","base.state_vn_VN-35","VN",1
"res_district_680","Huyện Bảo Lâm","VN-68-680","Huyện Bảo Lâm, Tỉnh Lâm Đồng","base.state_vn_VN-35","VN",1
"res_district_681","Huyện Đạ Huoai","VN-68-681","Huyện Đạ Huoai, Tỉnh Lâm Đồng","base.state_vn_VN-35","VN",1
"res_district_682","Huyện Đạ Tẻh","VN-68-682","Huyện Đạ Tẻh, Tỉnh Lâm Đồng","base.state_vn_VN-35","VN",1
"res_district_683","Huyện Cát Tiên","VN-68-683","Huyện Cát Tiên, Tỉnh Lâm Đồng","base.state_vn_VN-35","VN",1
"res_district_688","Thị xã Phước Long","VN-70-688","Thị xã Phước Long, Tỉnh Bình Phước","base.state_vn_VN-58","VN",2
"res_district_689","Thành phố Đồng Xoài","VN-70-689","Thành phố Đồng Xoài, Tỉnh Bình Phước","base.state_vn_VN-58","VN",3
"res_district_690","Thị xã Bình Long","VN-70-690","Thị xã Bình Long, Tỉnh Bình Phước","base.state_vn_VN-58","VN",2
"res_district_691","Huyện Bù Gia Mập","VN-70-691","Huyện Bù Gia Mập, Tỉnh Bình Phước","base.state_vn_VN-58","VN",1
"res_district_692","Huyện Lộc Ninh","VN-70-692","Huyện Lộc Ninh, Tỉnh Bình Phước","base.state_vn_VN-58","VN",1
"res_district_693","Huyện Bù Đốp","VN-70-693","Huyện Bù Đốp, Tỉnh Bình Phước","base.state_vn_VN-58","VN",1
"res_district_694","Huyện Hớn Quản","VN-70-694","Huyện Hớn Quản, Tỉnh Bình Phước","base.state_vn_VN-58","VN",1
"res_district_695","Huyện Đồng Phú","VN-70-695","Huyện Đồng Phú, Tỉnh Bình Phước","base.state_vn_VN-58","VN",1
"res_district_696","Huyện Bù Đăng","VN-70-696","Huyện Bù Đăng, Tỉnh Bình Phước","base.state_vn_VN-58","VN",1
"res_district_697","Thị xã Chơn Thành","VN-70-697","Thị xã Chơn Thành, Tỉnh Bình Phước","base.state_vn_VN-58","VN",2
"res_district_698","Huyện Phú Riềng","VN-70-698","Huyện Phú Riềng, Tỉnh Bình Phước","base.state_vn_VN-58","VN",1
"res_district_703","Thành phố Tây Ninh","VN-72-703","Thành phố Tây Ninh, Tỉnh Tây Ninh","base.state_vn_VN-37","VN",3
"res_district_705","Huyện Tân Biên","VN-72-705","Huyện Tân Biên, Tỉnh Tây Ninh","base.state_vn_VN-37","VN",1
"res_district_706","Huyện Tân Châu","VN-72-706","Huyện Tân Châu, Tỉnh Tây Ninh","base.state_vn_VN-37","VN",1
"res_district_707","Huyện Dương Minh Châu","VN-72-707","Huyện Dương Minh Châu, Tỉnh Tây Ninh","base.state_vn_VN-37","VN",1
"res_district_708","Huyện Châu Thành","VN-72-708","Huyện Châu Thành, Tỉnh Tây Ninh","base.state_vn_VN-37","VN",1
"res_district_709","Thị xã Hòa Thành","VN-72-709","Thị xã Hòa Thành, Tỉnh Tây Ninh","base.state_vn_VN-37","VN",2
"res_district_710","Huyện Gò Dầu","VN-72-710","Huyện Gò Dầu, Tỉnh Tây Ninh","base.state_vn_VN-37","VN",1
"res_district_711","Huyện Bến Cầu","VN-72-711","Huyện Bến Cầu, Tỉnh Tây Ninh","base.state_vn_VN-37","VN",1
"res_district_712","Thị xã Trảng Bàng","VN-72-712","Thị xã Trảng Bàng, Tỉnh Tây Ninh","base.state_vn_VN-37","VN",2
"res_district_718","Thành phố Thủ Dầu Một","VN-74-718","Thành phố Thủ Dầu Một, Tỉnh Bình Dương","base.state_vn_VN-57","VN",3
"res_district_719","Huyện Bàu Bàng","VN-74-719","Huyện Bàu Bàng, Tỉnh Bình Dương","base.state_vn_VN-57","VN",1
"res_district_720","Huyện Dầu Tiếng","VN-74-720","Huyện Dầu Tiếng, Tỉnh Bình Dương","base.state_vn_VN-57","VN",1
"res_district_721","Thị xã Bến Cát","VN-74-721","Thị xã Bến Cát, Tỉnh Bình Dương","base.state_vn_VN-57","VN",2
"res_district_722","Huyện Phú Giáo","VN-74-722","Huyện Phú Giáo, Tỉnh Bình Dương","base.state_vn_VN-57","VN",1
"res_district_723","Thành phố Tân Uyên","VN-74-723","Thành phố Tân Uyên, Tỉnh Bình Dương","base.state_vn_VN-57","VN",3
"res_district_724","Thành phố Dĩ An","VN-74-724","Thành phố Dĩ An, Tỉnh Bình Dương","base.state_vn_VN-57","VN",3
"res_district_725","Thành phố Thuận An","VN-74-725","Thành phố Thuận An, Tỉnh Bình Dương","base.state_vn_VN-57","VN",3
"res_district_726","Huyện Bắc Tân Uyên","VN-74-726","Huyện Bắc Tân Uyên, Tỉnh Bình Dương","base.state_vn_VN-57","VN",1
"res_district_731","Thành phố Biên Hòa","VN-75-731","Thành phố Biên Hòa, Tỉnh Đồng Nai","base.state_vn_VN-39","VN",3
"res_district_732","Thành phố Long Khánh","VN-75-732","Thành phố Long Khánh, Tỉnh Đồng Nai","base.state_vn_VN-39","VN",3
"res_district_734","Huyện Tân Phú","VN-75-734","Huyện Tân Phú, Tỉnh Đồng Nai","base.state_vn_VN-39","VN",1
"res_district_735","Huyện Vĩnh Cửu","VN-75-735","Huyện Vĩnh Cửu, Tỉnh Đồng Nai","base.state_vn_VN-39","VN",1
"res_district_736","Huyện Định Quán","VN-75-736","Huyện Định Quán, Tỉnh Đồng Nai","base.state_vn_VN-39","VN",1
"res_district_737","Huyện Trảng Bom","VN-75-737","Huyện Trảng Bom, Tỉnh Đồng Nai","base.state_vn_VN-39","VN",1
"res_district_738","Huyện Thống Nhất","VN-75-738","Huyện Thống Nhất, Tỉnh Đồng Nai","base.state_vn_VN-39","VN",1
"res_district_739","Huyện Cẩm Mỹ","VN-75-739","Huyện Cẩm Mỹ, Tỉnh Đồng Nai","base.state_vn_VN-39","VN",1
"res_district_740","Huyện Long Thành","VN-75-740","Huyện Long Thành, Tỉnh Đồng Nai","base.state_vn_VN-39","VN",1
"res_district_741","Huyện Xuân Lộc","VN-75-741","Huyện Xuân Lộc, Tỉnh Đồng Nai","base.state_vn_VN-39","VN",1
"res_district_742","Huyện Nhơn Trạch","VN-75-742","Huyện Nhơn Trạch, Tỉnh Đồng Nai","base.state_vn_VN-39","VN",1
"res_district_747","Thành phố Vũng Tàu","VN-77-747","Thành phố Vũng Tàu, Tỉnh Bà Rịa, Vũng Tàu","base.state_vn_VN-43","VN",3
"res_district_748","Thành phố Bà Rịa","VN-77-748","Thành phố Bà Rịa, Tỉnh Bà Rịa, Vũng Tàu","base.state_vn_VN-43","VN",3
"res_district_750","Huyện Châu Đức","VN-77-750","Huyện Châu Đức, Tỉnh Bà Rịa, Vũng Tàu","base.state_vn_VN-43","VN",1
"res_district_751","Huyện Xuyên Mộc","VN-77-751","Huyện Xuyên Mộc, Tỉnh Bà Rịa, Vũng Tàu","base.state_vn_VN-43","VN",1
"res_district_752","Huyện Long Điền","VN-77-752","Huyện Long Điền, Tỉnh Bà Rịa, Vũng Tàu","base.state_vn_VN-43","VN",1
"res_district_753","Huyện Đất Đỏ","VN-77-753","Huyện Đất Đỏ, Tỉnh Bà Rịa, Vũng Tàu","base.state_vn_VN-43","VN",1
"res_district_754","Thị xã Phú Mỹ","VN-77-754","Thị xã Phú Mỹ, Tỉnh Bà Rịa, Vũng Tàu","base.state_vn_VN-43","VN",2
"res_district_755","Huyện Côn Đảo","VN-77-755","Huyện Côn Đảo, Tỉnh Bà Rịa, Vũng Tàu","base.state_vn_VN-43","VN",1
"res_district_760","Quận 1","VN-79-760","Quận 1, Thành phố Hồ Chí Minh","base.state_vn_VN-SG","VN",0
"res_district_761","Quận 12","VN-79-761","Quận 12, Thành phố Hồ Chí Minh","base.state_vn_VN-SG","VN",0
"res_district_764","Quận Gò Vấp","VN-79-764","Quận Gò Vấp, Thành phố Hồ Chí Minh","base.state_vn_VN-SG","VN",0
"res_district_765","Quận Bình Thạnh","VN-79-765","Quận Bình Thạnh, Thành phố Hồ Chí Minh","base.state_vn_VN-SG","VN",0
"res_district_766","Quận Tân Bình","VN-79-766","Quận Tân Bình, Thành phố Hồ Chí Minh","base.state_vn_VN-SG","VN",0
"res_district_767","Quận Tân Phú","VN-79-767","Quận Tân Phú, Thành phố Hồ Chí Minh","base.state_vn_VN-SG","VN",0
"res_district_768","Quận Phú Nhuận","VN-79-768","Quận Phú Nhuận, Thành phố Hồ Chí Minh","base.state_vn_VN-SG","VN",0
"res_district_769","Thành phố Thủ Đức","VN-79-769","Thành phố Thủ Đức, Thành phố Hồ Chí Minh","base.state_vn_VN-SG","VN",3
"res_district_770","Quận 3","VN-79-770","Quận 3, Thành phố Hồ Chí Minh","base.state_vn_VN-SG","VN",0
"res_district_771","Quận 10","VN-79-771","Quận 10, Thành phố Hồ Chí Minh","base.state_vn_VN-SG","VN",0
"res_district_772","Quận 11","VN-79-772","Quận 11, Thành phố Hồ Chí Minh","base.state_vn_VN-SG","VN",0
"res_district_773","Quận 4","VN-79-773","Quận 4, Thành phố Hồ Chí Minh","base.state_vn_VN-SG","VN",0
"res_district_774","Quận 5","VN-79-774","Quận 5, Thành phố Hồ Chí Minh","base.state_vn_VN-SG","VN",0
"res_district_775","Quận 6","VN-79-775","Quận 6, Thành phố Hồ Chí Minh","base.state_vn_VN-SG","VN",0
"res_district_776","Quận 8","VN-79-776","Quận 8, Thành phố Hồ Chí Minh","base.state_vn_VN-SG","VN",0
"res_district_777","Quận Bình Tân","VN-79-777","Quận Bình Tân, Thành phố Hồ Chí Minh","base.state_vn_VN-SG","VN",0
"res_district_778","Quận 7","VN-79-778","Quận 7, Thành phố Hồ Chí Minh","base.state_vn_VN-SG","VN",0
"res_district_783","Huyện Củ Chi","VN-79-783","Huyện Củ Chi, Thành phố Hồ Chí Minh","base.state_vn_VN-SG","VN",1
"res_district_784","Huyện Hóc Môn","VN-79-784","Huyện Hóc Môn, Thành phố Hồ Chí Minh","base.state_vn_VN-SG","VN",1
"res_district_785","Huyện Bình Chánh","VN-79-785","Huyện Bình Chánh, Thành phố Hồ Chí Minh","base.state_vn_VN-SG","VN",1
"res_district_786","Huyện Nhà Bè","VN-79-786","Huyện Nhà Bè, Thành phố Hồ Chí Minh","base.state_vn_VN-SG","VN",1
"res_district_787","Huyện Cần Giờ","VN-79-787","Huyện Cần Giờ, Thành phố Hồ Chí Minh","base.state_vn_VN-SG","VN",1
"res_district_794","Thành phố Tân An","VN-80-794","Thành phố Tân An, Tỉnh Long An","base.state_vn_VN-41","VN",3
"res_district_795","Thị xã Kiến Tường","VN-80-795","Thị xã Kiến Tường, Tỉnh Long An","base.state_vn_VN-41","VN",2
"res_district_796","Huyện Tân Hưng","VN-80-796","Huyện Tân Hưng, Tỉnh Long An","base.state_vn_VN-41","VN",1
"res_district_797","Huyện Vĩnh Hưng","VN-80-797","Huyện Vĩnh Hưng, Tỉnh Long An","base.state_vn_VN-41","VN",1
"res_district_798","Huyện Mộc Hóa","VN-80-798","Huyện Mộc Hóa, Tỉnh Long An","base.state_vn_VN-41","VN",1
"res_district_799","Huyện Tân Thạnh","VN-80-799","Huyện Tân Thạnh, Tỉnh Long An","base.state_vn_VN-41","VN",1
"res_district_800","Huyện Thạnh Hóa","VN-80-800","Huyện Thạnh Hóa, Tỉnh Long An","base.state_vn_VN-41","VN",1
"res_district_801","Huyện Đức Huệ","VN-80-801","Huyện Đức Huệ, Tỉnh Long An","base.state_vn_VN-41","VN",1
"res_district_802","Huyện Đức Hòa","VN-80-802","Huyện Đức Hòa, Tỉnh Long An","base.state_vn_VN-41","VN",1
"res_district_803","Huyện Bến Lức","VN-80-803","Huyện Bến Lức, Tỉnh Long An","base.state_vn_VN-41","VN",1
"res_district_804","Huyện Thủ Thừa","VN-80-804","Huyện Thủ Thừa, Tỉnh Long An","base.state_vn_VN-41","VN",1
"res_district_805","Huyện Tân Trụ","VN-80-805","Huyện Tân Trụ, Tỉnh Long An","base.state_vn_VN-41","VN",1
"res_district_806","Huyện Cần Đước","VN-80-806","Huyện Cần Đước, Tỉnh Long An","base.state_vn_VN-41","VN",1
"res_district_807","Huyện Cần Giuộc","VN-80-807","Huyện Cần Giuộc, Tỉnh Long An","base.state_vn_VN-41","VN",1
"res_district_808","Huyện Châu Thành","VN-80-808","Huyện Châu Thành, Tỉnh Long An","base.state_vn_VN-41","VN",1
"res_district_815","Thành phố Mỹ Tho","VN-82-815","Thành phố Mỹ Tho, Tỉnh Tiền Giang","base.state_vn_VN-46","VN",3
"res_district_816","Thị xã Gò Công","VN-82-816","Thị xã Gò Công, Tỉnh Tiền Giang","base.state_vn_VN-46","VN",2
"res_district_817","Thị xã Cai Lậy","VN-82-817","Thị xã Cai Lậy, Tỉnh Tiền Giang","base.state_vn_VN-46","VN",2
"res_district_818","Huyện Tân Phước","VN-82-818","Huyện Tân Phước, Tỉnh Tiền Giang","base.state_vn_VN-46","VN",1
"res_district_819","Huyện Cái Bè","VN-82-819","Huyện Cái Bè, Tỉnh Tiền Giang","base.state_vn_VN-46","VN",1
"res_district_820","Huyện Cai Lậy","VN-82-820","Huyện Cai Lậy, Tỉnh Tiền Giang","base.state_vn_VN-46","VN",1
"res_district_821","Huyện Châu Thành","VN-82-821","Huyện Châu Thành, Tỉnh Tiền Giang","base.state_vn_VN-46","VN",1
"res_district_822","Huyện Chợ Gạo","VN-82-822","Huyện Chợ Gạo, Tỉnh Tiền Giang","base.state_vn_VN-46","VN",1
"res_district_823","Huyện Gò Công Tây","VN-82-823","Huyện Gò Công Tây, Tỉnh Tiền Giang","base.state_vn_VN-46","VN",1
"res_district_824","Huyện Gò Công Đông","VN-82-824","Huyện Gò Công Đông, Tỉnh Tiền Giang","base.state_vn_VN-46","VN",1
"res_district_825","Huyện Tân Phú Đông","VN-82-825","Huyện Tân Phú Đông, Tỉnh Tiền Giang","base.state_vn_VN-46","VN",1
"res_district_829","Thành phố Bến Tre","VN-83-829","Thành phố Bến Tre, Tỉnh Bến Tre","base.state_vn_VN-50","VN",3
"res_district_831","Huyện Châu Thành","VN-83-831","Huyện Châu Thành, Tỉnh Bến Tre","base.state_vn_VN-50","VN",1
"res_district_832","Huyện Chợ Lách","VN-83-832","Huyện Chợ Lách, Tỉnh Bến Tre","base.state_vn_VN-50","VN",1
"res_district_833","Huyện Mỏ Cày Nam","VN-83-833","Huyện Mỏ Cày Nam, Tỉnh Bến Tre","base.state_vn_VN-50","VN",1
"res_district_834","Huyện Giồng Trôm","VN-83-834","Huyện Giồng Trôm, Tỉnh Bến Tre","base.state_vn_VN-50","VN",1
"res_district_835","Huyện Bình Đại","VN-83-835","Huyện Bình Đại, Tỉnh Bến Tre","base.state_vn_VN-50","VN",1
"res_district_836","Huyện Ba Tri","VN-83-836","Huyện Ba Tri, Tỉnh Bến Tre","base.state_vn_VN-50","VN",1
"res_district_837","Huyện Thạnh Phú","VN-83-837","Huyện Thạnh Phú, Tỉnh Bến Tre","base.state_vn_VN-50","VN",1
"res_district_838","Huyện Mỏ Cày Bắc","VN-83-838","Huyện Mỏ Cày Bắc, Tỉnh Bến Tre","base.state_vn_VN-50","VN",1
"res_district_842","Thành phố Trà Vinh","VN-84-842","Thành phố Trà Vinh, Tỉnh Trà Vinh","base.state_vn_VN-51","VN",3
"res_district_844","Huyện Càng Long","VN-84-844","Huyện Càng Long, Tỉnh Trà Vinh","base.state_vn_VN-51","VN",1
"res_district_845","Huyện Cầu Kè","VN-84-845","Huyện Cầu Kè, Tỉnh Trà Vinh","base.state_vn_VN-51","VN",1
"res_district_846","Huyện Tiểu Cần","VN-84-846","Huyện Tiểu Cần, Tỉnh Trà Vinh","base.state_vn_VN-51","VN",1
"res_district_847","Huyện Châu Thành","VN-84-847","Huyện Châu Thành, Tỉnh Trà Vinh","base.state_vn_VN-51","VN",1
"res_district_848","Huyện Cầu Ngang","VN-84-848","Huyện Cầu Ngang, Tỉnh Trà Vinh","base.state_vn_VN-51","VN",1
"res_district_849","Huyện Trà Cú","VN-84-849","Huyện Trà Cú, Tỉnh Trà Vinh","base.state_vn_VN-51","VN",1
"res_district_850","Huyện Duyên Hải","VN-84-850","Huyện Duyên Hải, Tỉnh Trà Vinh","base.state_vn_VN-51","VN",1
"res_district_851","Thị xã Duyên Hải","VN-84-851","Thị xã Duyên Hải, Tỉnh Trà Vinh","base.state_vn_VN-51","VN",2
"res_district_855","Thành phố Vĩnh Long","VN-86-855","Thành phố Vĩnh Long, Tỉnh Vĩnh Long","base.state_vn_VN-49","VN",3
"res_district_857","Huyện Long Hồ","VN-86-857","Huyện Long Hồ, Tỉnh Vĩnh Long","base.state_vn_VN-49","VN",1
"res_district_858","Huyện Mang Thít","VN-86-858","Huyện Mang Thít, Tỉnh Vĩnh Long","base.state_vn_VN-49","VN",1
"res_district_859","Huyện  Vũng Liêm","VN-86-859","Huyện  Vũng Liêm, Tỉnh Vĩnh Long","base.state_vn_VN-49","VN",1
"res_district_860","Huyện Tam Bình","VN-86-860","Huyện Tam Bình, Tỉnh Vĩnh Long","base.state_vn_VN-49","VN",1
"res_district_861","Thị xã Bình Minh","VN-86-861","Thị xã Bình Minh, Tỉnh Vĩnh Long","base.state_vn_VN-49","VN",2
"res_district_862","Huyện Trà Ôn","VN-86-862","Huyện Trà Ôn, Tỉnh Vĩnh Long","base.state_vn_VN-49","VN",1
"res_district_863","Huyện Bình Tân","VN-86-863","Huyện Bình Tân, Tỉnh Vĩnh Long","base.state_vn_VN-49","VN",1
"res_district_866","Thành phố Cao Lãnh","VN-87-866","Thành phố Cao Lãnh, Tỉnh Đồng Tháp","base.state_vn_VN-45","VN",3
"res_district_867","Thành phố Sa Đéc","VN-87-867","Thành phố Sa Đéc, Tỉnh Đồng Tháp","base.state_vn_VN-45","VN",3
"res_district_868","Thành phố Hồng Ngự","VN-87-868","Thành phố Hồng Ngự, Tỉnh Đồng Tháp","base.state_vn_VN-45","VN",3
"res_district_869","Huyện Tân Hồng","VN-87-869","Huyện Tân Hồng, Tỉnh Đồng Tháp","base.state_vn_VN-45","VN",1
"res_district_870","Huyện Hồng Ngự","VN-87-870","Huyện Hồng Ngự, Tỉnh Đồng Tháp","base.state_vn_VN-45","VN",1
"res_district_871","Huyện Tam Nông","VN-87-871","Huyện Tam Nông, Tỉnh Đồng Tháp","base.state_vn_VN-45","VN",1
"res_district_872","Huyện Tháp Mười","VN-87-872","Huyện Tháp Mười, Tỉnh Đồng Tháp","base.state_vn_VN-45","VN",1
"res_district_873","Huyện Cao Lãnh","VN-87-873","Huyện Cao Lãnh, Tỉnh Đồng Tháp","base.state_vn_VN-45","VN",1
"res_district_874","Huyện Thanh Bình","VN-87-874","Huyện Thanh Bình, Tỉnh Đồng Tháp","base.state_vn_VN-45","VN",1
"res_district_875","Huyện Lấp Vò","VN-87-875","Huyện Lấp Vò, Tỉnh Đồng Tháp","base.state_vn_VN-45","VN",1
"res_district_876","Huyện Lai Vung","VN-87-876","Huyện Lai Vung, Tỉnh Đồng Tháp","base.state_vn_VN-45","VN",1
"res_district_877","Huyện Châu Thành","VN-87-877","Huyện Châu Thành, Tỉnh Đồng Tháp","base.state_vn_VN-45","VN",1
"res_district_883","Thành phố Long Xuyên","VN-89-883","Thành phố Long Xuyên, Tỉnh An Giang","base.state_vn_VN-44","VN",3
"res_district_884","Thành phố Châu Đốc","VN-89-884","Thành phố Châu Đốc, Tỉnh An Giang","base.state_vn_VN-44","VN",3
"res_district_886","Huyện An Phú","VN-89-886","Huyện An Phú, Tỉnh An Giang","base.state_vn_VN-44","VN",1
"res_district_887","Thị xã Tân Châu","VN-89-887","Thị xã Tân Châu, Tỉnh An Giang","base.state_vn_VN-44","VN",2
"res_district_888","Huyện Phú Tân","VN-89-888","Huyện Phú Tân, Tỉnh An Giang","base.state_vn_VN-44","VN",1
"res_district_889","Huyện Châu Phú","VN-89-889","Huyện Châu Phú, Tỉnh An Giang","base.state_vn_VN-44","VN",1
"res_district_890","Thị xã Tịnh Biên","VN-89-890","Thị xã Tịnh Biên, Tỉnh An Giang","base.state_vn_VN-44","VN",2
"res_district_891","Huyện Tri Tôn","VN-89-891","Huyện Tri Tôn, Tỉnh An Giang","base.state_vn_VN-44","VN",1
"res_district_892","Huyện Châu Thành","VN-89-892","Huyện Châu Thành, Tỉnh An Giang","base.state_vn_VN-44","VN",1
"res_district_893","Huyện Chợ Mới","VN-89-893","Huyện Chợ Mới, Tỉnh An Giang","base.state_vn_VN-44","VN",1
"res_district_894","Huyện Thoại Sơn","VN-89-894","Huyện Thoại Sơn, Tỉnh An Giang","base.state_vn_VN-44","VN",1
"res_district_899","Thành phố Rạch Giá","VN-91-899","Thành phố Rạch Giá, Tỉnh Kiên Giang","base.state_vn_VN-47","VN",3
"res_district_900","Thành phố Hà Tiên","VN-91-900","Thành phố Hà Tiên, Tỉnh Kiên Giang","base.state_vn_VN-47","VN",3
"res_district_902","Huyện Kiên Lương","VN-91-902","Huyện Kiên Lương, Tỉnh Kiên Giang","base.state_vn_VN-47","VN",1
"res_district_903","Huyện Hòn Đất","VN-91-903","Huyện Hòn Đất, Tỉnh Kiên Giang","base.state_vn_VN-47","VN",1
"res_district_904","Huyện Tân Hiệp","VN-91-904","Huyện Tân Hiệp, Tỉnh Kiên Giang","base.state_vn_VN-47","VN",1
"res_district_905","Huyện Châu Thành","VN-91-905","Huyện Châu Thành, Tỉnh Kiên Giang","base.state_vn_VN-47","VN",1
"res_district_906","Huyện Giồng Riềng","VN-91-906","Huyện Giồng Riềng, Tỉnh Kiên Giang","base.state_vn_VN-47","VN",1
"res_district_907","Huyện Gò Quao","VN-91-907","Huyện Gò Quao, Tỉnh Kiên Giang","base.state_vn_VN-47","VN",1
"res_district_908","Huyện An Biên","VN-91-908","Huyện An Biên, Tỉnh Kiên Giang","base.state_vn_VN-47","VN",1
"res_district_909","Huyện An Minh","VN-91-909","Huyện An Minh, Tỉnh Kiên Giang","base.state_vn_VN-47","VN",1
"res_district_910","Huyện Vĩnh Thuận","VN-91-910","Huyện Vĩnh Thuận, Tỉnh Kiên Giang","base.state_vn_VN-47","VN",1
"res_district_911","Thành phố Phú Quốc","VN-91-911","Thành phố Phú Quốc, Tỉnh Kiên Giang","base.state_vn_VN-47","VN",3
"res_district_912","Huyện Kiên Hải","VN-91-912","Huyện Kiên Hải, Tỉnh Kiên Giang","base.state_vn_VN-47","VN",1
"res_district_913","Huyện U Minh Thượng","VN-91-913","Huyện U Minh Thượng, Tỉnh Kiên Giang","base.state_vn_VN-47","VN",1
"res_district_914","Huyện Giang Thành","VN-91-914","Huyện Giang Thành, Tỉnh Kiên Giang","base.state_vn_VN-47","VN",1
"res_district_916","Quận Ninh Kiều","VN-92-916","Quận Ninh Kiều, Thành phố Cần Thơ","base.state_vn_VN-CT","VN",0
"res_district_917","Quận Ô Môn","VN-92-917","Quận Ô Môn, Thành phố Cần Thơ","base.state_vn_VN-CT","VN",0
"res_district_918","Quận Bình Thuỷ","VN-92-918","Quận Bình Thuỷ, Thành phố Cần Thơ","base.state_vn_VN-CT","VN",0
"res_district_919","Quận Cái Răng","VN-92-919","Quận Cái Răng, Thành phố Cần Thơ","base.state_vn_VN-CT","VN",0
"res_district_923","Quận Thốt Nốt","VN-92-923","Quận Thốt Nốt, Thành phố Cần Thơ","base.state_vn_VN-CT","VN",0
"res_district_924","Huyện Vĩnh Thạnh","VN-92-924","Huyện Vĩnh Thạnh, Thành phố Cần Thơ","base.state_vn_VN-CT","VN",1
"res_district_925","Huyện Cờ Đỏ","VN-92-925","Huyện Cờ Đỏ, Thành phố Cần Thơ","base.state_vn_VN-CT","VN",1
"res_district_926","Huyện Phong Điền","VN-92-926","Huyện Phong Điền, Thành phố Cần Thơ","base.state_vn_VN-CT","VN",1
"res_district_927","Huyện Thới Lai","VN-92-927","Huyện Thới Lai, Thành phố Cần Thơ","base.state_vn_VN-CT","VN",1
"res_district_930","Thành phố Vị Thanh","VN-93-930","Thành phố Vị Thanh, Tỉnh Hậu Giang","base.state_vn_VN-73","VN",3
"res_district_931","Thành phố Ngã Bảy","VN-93-931","Thành phố Ngã Bảy, Tỉnh Hậu Giang","base.state_vn_VN-73","VN",3
"res_district_932","Huyện Châu Thành A","VN-93-932","Huyện Châu Thành A, Tỉnh Hậu Giang","base.state_vn_VN-73","VN",1
"res_district_933","Huyện Châu Thành","VN-93-933","Huyện Châu Thành, Tỉnh Hậu Giang","base.state_vn_VN-73","VN",1
"res_district_934","Huyện Phụng Hiệp","VN-93-934","Huyện Phụng Hiệp, Tỉnh Hậu Giang","base.state_vn_VN-73","VN",1
"res_district_935","Huyện Vị Thuỷ","VN-93-935","Huyện Vị Thuỷ, Tỉnh Hậu Giang","base.state_vn_VN-73","VN",1
"res_district_936","Huyện Long Mỹ","VN-93-936","Huyện Long Mỹ, Tỉnh Hậu Giang","base.state_vn_VN-73","VN",1
"res_district_937","Thị xã Long Mỹ","VN-93-937","Thị xã Long Mỹ, Tỉnh Hậu Giang","base.state_vn_VN-73","VN",2
"res_district_941","Thành phố Sóc Trăng","VN-94-941","Thành phố Sóc Trăng, Tỉnh Sóc Trăng","base.state_vn_VN-52","VN",3
"res_district_942","Huyện Châu Thành","VN-94-942","Huyện Châu Thành, Tỉnh Sóc Trăng","base.state_vn_VN-52","VN",1
"res_district_943","Huyện Kế Sách","VN-94-943","Huyện Kế Sách, Tỉnh Sóc Trăng","base.state_vn_VN-52","VN",1
"res_district_944","Huyện Mỹ Tú","VN-94-944","Huyện Mỹ Tú, Tỉnh Sóc Trăng","base.state_vn_VN-52","VN",1
"res_district_945","Huyện Cù Lao Dung","VN-94-945","Huyện Cù Lao Dung, Tỉnh Sóc Trăng","base.state_vn_VN-52","VN",1
"res_district_946","Huyện Long Phú","VN-94-946","Huyện Long Phú, Tỉnh Sóc Trăng","base.state_vn_VN-52","VN",1
"res_district_947","Huyện Mỹ Xuyên","VN-94-947","Huyện Mỹ Xuyên, Tỉnh Sóc Trăng","base.state_vn_VN-52","VN",1
"res_district_948","Thị xã Ngã Năm","VN-94-948","Thị xã Ngã Năm, Tỉnh Sóc Trăng","base.state_vn_VN-52","VN",2
"res_district_949","Huyện Thạnh Trị","VN-94-949","Huyện Thạnh Trị, Tỉnh Sóc Trăng","base.state_vn_VN-52","VN",1
"res_district_950","Thị xã Vĩnh Châu","VN-94-950","Thị xã Vĩnh Châu, Tỉnh Sóc Trăng","base.state_vn_VN-52","VN",2
"res_district_951","Huyện Trần Đề","VN-94-951","Huyện Trần Đề, Tỉnh Sóc Trăng","base.state_vn_VN-52","VN",1
"res_district_954","Thành phố Bạc Liêu","VN-95-954","Thành phố Bạc Liêu, Tỉnh Bạc Liêu","base.state_vn_VN-55","VN",3
"res_district_956","Huyện Hồng Dân","VN-95-956","Huyện Hồng Dân, Tỉnh Bạc Liêu","base.state_vn_VN-55","VN",1
"res_district_957","Huyện Phước Long","VN-95-957","Huyện Phước Long, Tỉnh Bạc Liêu","base.state_vn_VN-55","VN",1
"res_district_958","Huyện Vĩnh Lợi","VN-95-958","Huyện Vĩnh Lợi, Tỉnh Bạc Liêu","base.state_vn_VN-55","VN",1
"res_district_959","Thị xã Giá Rai","VN-95-959","Thị xã Giá Rai, Tỉnh Bạc Liêu","base.state_vn_VN-55","VN",2
"res_district_960","Huyện Đông Hải","VN-95-960","Huyện Đông Hải, Tỉnh Bạc Liêu","base.state_vn_VN-55","VN",1
"res_district_961","Huyện Hoà Bình","VN-95-961","Huyện Hoà Bình, Tỉnh Bạc Liêu","base.state_vn_VN-55","VN",1
"res_district_964","Thành phố Cà Mau","VN-96-964","Thành phố Cà Mau, Tỉnh Cà Mau","base.state_vn_VN-59","VN",3
"res_district_966","Huyện U Minh","VN-96-966","Huyện U Minh, Tỉnh Cà Mau","base.state_vn_VN-59","VN",1
"res_district_967","Huyện Thới Bình","VN-96-967","Huyện Thới Bình, Tỉnh Cà Mau","base.state_vn_VN-59","VN",1
"res_district_968","Huyện Trần Văn Thời","VN-96-968","Huyện Trần Văn Thời, Tỉnh Cà Mau","base.state_vn_VN-59","VN",1
"res_district_969","Huyện Cái Nước","VN-96-969","Huyện Cái Nước, Tỉnh Cà Mau","base.state_vn_VN-59","VN",1
"res_district_970","Huyện Đầm Dơi","VN-96-970","Huyện Đầm Dơi, Tỉnh Cà Mau","base.state_vn_VN-59","VN",1
"res_district_971","Huyện Năm Căn","VN-96-971","Huyện Năm Căn, Tỉnh Cà Mau","base.state_vn_VN-59","VN",1
"res_district_972","Huyện Phú Tân","VN-96-972","Huyện Phú Tân, Tỉnh Cà Mau","base.state_vn_VN-59","VN",1
"res_district_973","Huyện Ngọc Hiển","VN-96-973","Huyện Ngọc Hiển, Tỉnh Cà Mau","base.state_vn_VN-59","VN",1